timestamp,value
10/1/14 0:00,12751
10/1/14 0:30,8767
10/1/14 1:00,7005
10/1/14 1:30,5257
10/1/14 2:00,4189
10/1/14 2:30,3236
10/1/14 3:00,2817
10/1/14 3:30,2527
10/1/14 4:00,2406
10/1/14 4:30,1961
10/1/14 5:00,2478
10/1/14 5:30,4483
10/1/14 6:00,7002
10/1/14 6:30,11917
10/1/14 7:00,15929
10/1/14 7:30,20327
10/1/14 8:00,20974
10/1/14 8:30,20999
10/1/14 9:00,19639
10/1/14 9:30,19221
10/1/14 10:00,17308
10/1/14 10:30,17140
10/1/14 11:00,16773
10/1/14 11:30,19397
10/1/14 12:00,18697
10/1/14 12:30,18042
10/1/14 13:00,17332
10/1/14 13:30,17585
10/1/14 14:00,18263
10/1/14 14:30,18842
10/1/14 15:00,18583
10/1/14 15:30,17301
10/1/14 16:00,15060
10/1/14 16:30,14201
10/1/14 17:00,16655
10/1/14 17:30,19964
10/1/14 18:00,22960
10/1/14 18:30,23759
10/1/14 19:00,25024
10/1/14 19:30,25414
10/1/14 20:00,24917
10/1/14 20:30,24348
10/1/14 21:00,24248
10/1/14 21:30,24669
10/1/14 22:00,23132
10/1/14 22:30,22753
10/1/14 23:00,20371
10/1/14 23:30,17313
10/2/14 0:00,13534
10/2/14 0:30,10485
10/2/14 1:00,7944
10/2/14 1:30,6030
10/2/14 2:00,4867
10/2/14 2:30,3812
10/2/14 3:00,3251
10/2/14 3:30,2738
10/2/14 4:00,2755
10/2/14 4:30,2221
10/2/14 5:00,2363
10/2/14 5:30,4351
10/2/14 6:00,6835
10/2/14 6:30,11982
10/2/14 7:00,15844
10/2/14 7:30,19853
10/2/14 8:00,20187
10/2/14 8:30,20480
10/2/14 9:00,19531
10/2/14 9:30,18873
10/2/14 10:00,17534
10/2/14 10:30,17803
10/2/14 11:00,16994
10/2/14 11:30,18149
10/2/14 12:00,18251
10/2/14 12:30,17723
10/2/14 13:00,17104
10/2/14 13:30,18124
10/2/14 14:00,18680
10/2/14 14:30,19364
10/2/14 15:00,19044
10/2/14 15:30,16883
10/2/14 16:00,14389
10/2/14 16:30,13866
10/2/14 17:00,17005
10/2/14 17:30,20674
10/2/14 18:00,22678
10/2/14 18:30,23225
10/2/14 19:00,25012
10/2/14 19:30,25574
10/2/14 20:00,25301
10/2/14 20:30,25391
10/2/14 21:00,25520
10/2/14 21:30,25582
10/2/14 22:00,24848
10/2/14 22:30,24100
10/2/14 23:00,23336
10/2/14 23:30,21549
10/3/14 0:00,18003
10/3/14 0:30,15266
10/3/14 1:00,12130
10/3/14 1:30,9847
10/3/14 2:00,8022
10/3/14 2:30,6508
10/3/14 3:00,5309
10/3/14 3:30,4339
10/3/14 4:00,4202
10/3/14 4:30,3358
10/3/14 5:00,3083
10/3/14 5:30,4391
10/3/14 6:00,6769
10/3/14 6:30,11309
10/3/14 7:00,14866
10/3/14 7:30,18942
10/3/14 8:00,19693
10/3/14 8:30,19776
10/3/14 9:00,19309
10/3/14 9:30,18801
10/3/14 10:00,17108
10/3/14 10:30,16952
10/3/14 11:00,17108
10/3/14 11:30,17927
10/3/14 12:00,18426
10/3/14 12:30,17340
10/3/14 13:00,17150
10/3/14 13:30,17581
10/3/14 14:00,18924
10/3/14 14:30,19602
10/3/14 15:00,18893
10/3/14 15:30,16691
10/3/14 16:00,15332
10/3/14 16:30,14661
10/3/14 17:00,18110
10/3/14 17:30,22624
10/3/14 18:00,25209
10/3/14 18:30,24975
10/3/14 19:00,26477
10/3/14 19:30,27165
10/3/14 20:00,25960
10/3/14 20:30,25435
10/3/14 21:00,24847
10/3/14 21:30,25174
10/3/14 22:00,25419
10/3/14 22:30,25904
10/3/14 23:00,24543
10/3/14 23:30,24513
10/4/14 0:00,23316
10/4/14 0:30,22311
10/4/14 1:00,20470
10/4/14 1:30,18629
10/4/14 2:00,17120
10/4/14 2:30,15544
10/4/14 3:00,14012
10/4/14 3:30,11425
10/4/14 4:00,9541
10/4/14 4:30,5912
10/4/14 5:00,3832
10/4/14 5:30,3230
10/4/14 6:00,3425
10/4/14 6:30,4159
10/4/14 7:00,4720
10/4/14 7:30,5848
10/4/14 8:00,6901
10/4/14 8:30,9611
10/4/14 9:00,11626
10/4/14 9:30,14814
10/4/14 10:00,16839
10/4/14 10:30,18245
10/4/14 11:00,18230
10/4/14 11:30,18322
10/4/14 12:00,18541
10/4/14 12:30,18062
10/4/14 13:00,18008
10/4/14 13:30,18784
10/4/14 14:00,17708
10/4/14 14:30,17998
10/4/14 15:00,18033
10/4/14 15:30,17851
10/4/14 16:00,17046
10/4/14 16:30,17241
10/4/14 17:00,19295
10/4/14 17:30,21740
10/4/14 18:00,22729
10/4/14 18:30,23854
10/4/14 19:00,25857
10/4/14 19:30,26490
10/4/14 20:00,24115
10/4/14 20:30,23384
10/4/14 21:00,23515
10/4/14 21:30,24476
10/4/14 22:00,24455
10/4/14 22:30,25474
10/4/14 23:00,25811
10/4/14 23:30,25847
10/5/14 0:00,25224
10/5/14 0:30,23248
10/5/14 1:00,22772
10/5/14 1:30,20671
10/5/14 2:00,19208
10/5/14 2:30,17300
10/5/14 3:00,15260
10/5/14 3:30,12970
10/5/14 4:00,11168
10/5/14 4:30,6678
10/5/14 5:00,4321
10/5/14 5:30,3259
10/5/14 6:00,3277
10/5/14 6:30,4072
10/5/14 7:00,4566
10/5/14 7:30,5973
10/5/14 8:00,7209
10/5/14 8:30,8999
10/5/14 9:00,10669
10/5/14 9:30,12678
10/5/14 10:00,14511
10/5/14 10:30,16953
10/5/14 11:00,17817
10/5/14 11:30,18894
10/5/14 12:00,18505
10/5/14 12:30,19227
10/5/14 13:00,18361
10/5/14 13:30,18014
10/5/14 14:00,17486
10/5/14 14:30,17816
10/5/14 15:00,17364
10/5/14 15:30,16871
10/5/14 16:00,15497
10/5/14 16:30,15185
10/5/14 17:00,16114
10/5/14 17:30,18312
10/5/14 18:00,19793
10/5/14 18:30,19706
10/5/14 19:00,20198
10/5/14 19:30,19790
10/5/14 20:00,18192
10/5/14 20:30,17701
10/5/14 21:00,16484
10/5/14 21:30,16626
10/5/14 22:00,14889
10/5/14 22:30,14114
10/5/14 23:00,11870
10/5/14 23:30,10041
10/6/14 0:00,7997
10/6/14 0:30,5689
10/6/14 1:00,4351
10/6/14 1:30,3348
10/6/14 2:00,2809
10/6/14 2:30,2193
10/6/14 3:00,1752
10/6/14 3:30,1731
10/6/14 4:00,1994
10/6/14 4:30,2178
10/6/14 5:00,2787
10/6/14 5:30,4578
10/6/14 6:00,6816
10/6/14 6:30,11243
10/6/14 7:00,14265
10/6/14 7:30,17395
10/6/14 8:00,18327
10/6/14 8:30,17729
10/6/14 9:00,17870
10/6/14 9:30,16982
10/6/14 10:00,15335
10/6/14 10:30,15998
10/6/14 11:00,15414
10/6/14 11:30,16233
10/6/14 12:00,16499
10/6/14 12:30,16380
10/6/14 13:00,15414
10/6/14 13:30,16720
10/6/14 14:00,17137
10/6/14 14:30,18046
10/6/14 15:00,18110
10/6/14 15:30,17087
10/6/14 16:00,15794
10/6/14 16:30,15965
10/6/14 17:00,18732
10/6/14 17:30,21107
10/6/14 18:00,23450
10/6/14 18:30,24200
10/6/14 19:00,24518
10/6/14 19:30,23704
10/6/14 20:00,22112
10/6/14 20:30,20986
10/6/14 21:00,21032
10/6/14 21:30,19963
10/6/14 22:00,18986
10/6/14 22:30,17125
10/6/14 23:00,15528
10/6/14 23:30,11610
10/7/14 0:00,9469
10/7/14 0:30,6605
10/7/14 1:00,5283
10/7/14 1:30,4152
10/7/14 2:00,3319
10/7/14 2:30,2432
10/7/14 3:00,1968
10/7/14 3:30,1769
10/7/14 4:00,2018
10/7/14 4:30,1933
10/7/14 5:00,2240
10/7/14 5:30,4305
10/7/14 6:00,6719
10/7/14 6:30,11392
10/7/14 7:00,14960
10/7/14 7:30,18975
10/7/14 8:00,19602
10/7/14 8:30,19572
10/7/14 9:00,18772
10/7/14 9:30,17757
10/7/14 10:00,16706
10/7/14 10:30,16601
10/7/14 11:00,15673
10/7/14 11:30,16929
10/7/14 12:00,17435
10/7/14 12:30,16953
10/7/14 13:00,16417
10/7/14 13:30,17022
10/7/14 14:00,17540
10/7/14 14:30,18417
10/7/14 15:00,18698
10/7/14 15:30,16193
10/7/14 16:00,14544
10/7/14 16:30,13864
10/7/14 17:00,17041
10/7/14 17:30,20434
10/7/14 18:00,23029
10/7/14 18:30,23711
10/7/14 19:00,24817
10/7/14 19:30,24933
10/7/14 20:00,24002
10/7/14 20:30,23651
10/7/14 21:00,23764
10/7/14 21:30,23224
10/7/14 22:00,22020
10/7/14 22:30,22214
10/7/14 23:00,21446
10/7/14 23:30,15974
10/8/14 0:00,12484
10/8/14 0:30,9130
10/8/14 1:00,6693
10/8/14 1:30,5333
10/8/14 2:00,3820
10/8/14 2:30,3065
10/8/14 3:00,2511
10/8/14 3:30,2299
10/8/14 4:00,2318
10/8/14 4:30,2125
10/8/14 5:00,2484
10/8/14 5:30,4358
10/8/14 6:00,6790
10/8/14 6:30,11660
10/8/14 7:00,15780
10/8/14 7:30,19516
10/8/14 8:00,20307
10/8/14 8:30,19954
10/8/14 9:00,18254
10/8/14 9:30,18010
10/8/14 10:00,17206
10/8/14 10:30,17213
10/8/14 11:00,16691
10/8/14 11:30,18259
10/8/14 12:00,18151
10/8/14 12:30,17555
10/8/14 13:00,16944
10/8/14 13:30,17728
10/8/14 14:00,18074
10/8/14 14:30,18993
10/8/14 15:00,18695
10/8/14 15:30,17191
10/8/14 16:00,15023
10/8/14 16:30,14164
10/8/14 17:00,17004
10/8/14 17:30,20361
10/8/14 18:00,23633
10/8/14 18:30,24661
10/8/14 19:00,25754
10/8/14 19:30,25671
10/8/14 20:00,25156
10/8/14 20:30,24961
10/8/14 21:00,24938
10/8/14 21:30,24851
10/8/14 22:00,24683
10/8/14 22:30,23411
10/8/14 23:00,20599
10/8/14 23:30,17147
10/9/14 0:00,13602
10/9/14 0:30,10452
10/9/14 1:00,7836
10/9/14 1:30,6040
10/9/14 2:00,4981
10/9/14 2:30,3613
10/9/14 3:00,2923
10/9/14 3:30,2632
10/9/14 4:00,2912
10/9/14 4:30,2577
10/9/14 5:00,2921
10/9/14 5:30,4679
10/9/14 6:00,6693
10/9/14 6:30,12140
10/9/14 7:00,15534
10/9/14 7:30,19974
10/9/14 8:00,20533
10/9/14 8:30,19988
10/9/14 9:00,19239
10/9/14 9:30,18788
10/9/14 10:00,17934
10/9/14 10:30,18048
10/9/14 11:00,17415
10/9/14 11:30,18292
10/9/14 12:00,18506
10/9/14 12:30,18180
10/9/14 13:00,17401
10/9/14 13:30,18973
10/9/14 14:00,19361
10/9/14 14:30,19722
10/9/14 15:00,19572
10/9/14 15:30,17500
10/9/14 16:00,15213
10/9/14 16:30,14457
10/9/14 17:00,17736
10/9/14 17:30,21319
10/9/14 18:00,23270
10/9/14 18:30,24892
10/9/14 19:00,26555
10/9/14 19:30,26743
10/9/14 20:00,26376
10/9/14 20:30,26311
10/9/14 21:00,26179
10/9/14 21:30,26774
10/9/14 22:00,26449
10/9/14 22:30,25459
10/9/14 23:00,23927
10/9/14 23:30,21851
10/10/14 0:00,18756
10/10/14 0:30,14990
10/10/14 1:00,13865
10/10/14 1:30,10263
10/10/14 2:00,7873
10/10/14 2:30,6480
10/10/14 3:00,5094
10/10/14 3:30,4217
10/10/14 4:00,4289
10/10/14 4:30,3640
10/10/14 5:00,3376
10/10/14 5:30,5145
10/10/14 6:00,7144
10/10/14 6:30,11739
10/10/14 7:00,15197
10/10/14 7:30,19716
10/10/14 8:00,20851
10/10/14 8:30,20463
10/10/14 9:00,19658
10/10/14 9:30,19287
10/10/14 10:00,17986
10/10/14 10:30,17776
10/10/14 11:00,17735
10/10/14 11:30,18716
10/10/14 12:00,19032
10/10/14 12:30,17702
10/10/14 13:00,17023
10/10/14 13:30,18352
10/10/14 14:00,19791
10/10/14 14:30,20131
10/10/14 15:00,18645
10/10/14 15:30,16572
10/10/14 16:00,14736
10/10/14 16:30,13731
10/10/14 17:00,17166
10/10/14 17:30,20392
10/10/14 18:00,22838
10/10/14 18:30,23791
10/10/14 19:00,25914
10/10/14 19:30,26355
10/10/14 20:00,25656
10/10/14 20:30,25449
10/10/14 21:00,25448
10/10/14 21:30,25823
10/10/14 22:00,25813
10/10/14 22:30,26407
10/10/14 23:00,26898
10/10/14 23:30,26587
10/11/14 0:00,25257
10/11/14 0:30,23717
10/11/14 1:00,22541
10/11/14 1:30,19773
10/11/14 2:00,19652
10/11/14 2:30,16294
10/11/14 3:00,13968
10/11/14 3:30,12000
10/11/14 4:00,10432
10/11/14 4:30,6402
10/11/14 5:00,4443
10/11/14 5:30,3481
10/11/14 6:00,3971
10/11/14 6:30,5191
10/11/14 7:00,6434
10/11/14 7:30,8435
10/11/14 8:00,10255
10/11/14 8:30,13847
10/11/14 9:00,14970
10/11/14 9:30,18403
10/11/14 10:00,19338
10/11/14 10:30,21107
10/11/14 11:00,20821
10/11/14 11:30,21854
10/11/14 12:00,21813
10/11/14 12:30,22250
10/11/14 13:00,21450
10/11/14 13:30,21271
10/11/14 14:00,20595
10/11/14 14:30,20863
10/11/14 15:00,20262
10/11/14 15:30,21024
10/11/14 16:00,19141
10/11/14 16:30,17903
10/11/14 17:00,19903
10/11/14 17:30,22820
10/11/14 18:00,24243
10/11/14 18:30,25880
10/11/14 19:00,26756
10/11/14 19:30,26593
10/11/14 20:00,25248
10/11/14 20:30,23934
10/11/14 21:00,23401
10/11/14 21:30,24145
10/11/14 22:00,25308
10/11/14 22:30,26284
10/11/14 23:00,27136
10/11/14 23:30,27099
10/12/14 0:00,26610
10/12/14 0:30,25400
10/12/14 1:00,23992
10/12/14 1:30,22359
10/12/14 2:00,21054
10/12/14 2:30,18812
10/12/14 3:00,16584
10/12/14 3:30,14204
10/12/14 4:00,11990
10/12/14 4:30,7092
10/12/14 5:00,4311
10/12/14 5:30,3844
10/12/14 6:00,3796
10/12/14 6:30,4755
10/12/14 7:00,4491
10/12/14 7:30,5559
10/12/14 8:00,6959
10/12/14 8:30,9127
10/12/14 9:00,11015
10/12/14 9:30,13961
10/12/14 10:00,15445
10/12/14 10:30,17923
10/12/14 11:00,18438
10/12/14 11:30,19592
10/12/14 12:00,19733
10/12/14 12:30,19766
10/12/14 13:00,19809
10/12/14 13:30,19242
10/12/14 14:00,18990
10/12/14 14:30,18676
10/12/14 15:00,18037
10/12/14 15:30,16660
10/12/14 16:00,15948
10/12/14 16:30,15261
10/12/14 17:00,17141
10/12/14 17:30,19085
10/12/14 18:00,20188
10/12/14 18:30,20512
10/12/14 19:00,20723
10/12/14 19:30,20415
10/12/14 20:00,19483
10/12/14 20:30,19008
10/12/14 21:00,17958
10/12/14 21:30,18341
10/12/14 22:00,18181
10/12/14 22:30,17069
10/12/14 23:00,15057
10/12/14 23:30,13867
10/13/14 0:00,11544
10/13/14 0:30,9016
10/13/14 1:00,6739
10/13/14 1:30,5420
10/13/14 2:00,4584
10/13/14 2:30,3787
10/13/14 3:00,3018
10/13/14 3:30,2667
10/13/14 4:00,2981
10/13/14 4:30,2756
10/13/14 5:00,2712
10/13/14 5:30,3798
10/13/14 6:00,5117
10/13/14 6:30,7727
10/13/14 7:00,9655
10/13/14 7:30,12109
10/13/14 8:00,13484
10/13/14 8:30,15506
10/13/14 9:00,15325
10/13/14 9:30,15924
10/13/14 10:00,14830
10/13/14 10:30,14907
10/13/14 11:00,14796
10/13/14 11:30,15699
10/13/14 12:00,15705
10/13/14 12:30,15880
10/13/14 13:00,15693
10/13/14 13:30,16643
10/13/14 14:00,16929
10/13/14 14:30,17698
10/13/14 15:00,17429
10/13/14 15:30,17248
10/13/14 16:00,16219
10/13/14 16:30,15918
10/13/14 17:00,17780
10/13/14 17:30,19414
10/13/14 18:00,21594
10/13/14 18:30,24915
10/13/14 19:00,24556
10/13/14 19:30,22341
10/13/14 20:00,22343
10/13/14 20:30,21619
10/13/14 21:00,21315
10/13/14 21:30,19821
10/13/14 22:00,17669
10/13/14 22:30,15504
10/13/14 23:00,14525
10/13/14 23:30,10738
10/14/14 0:00,8908
10/14/14 0:30,6593
10/14/14 1:00,5560
10/14/14 1:30,4014
10/14/14 2:00,3046
10/14/14 2:30,2349
10/14/14 3:00,1876
10/14/14 3:30,1691
10/14/14 4:00,1941
10/14/14 4:30,1850
10/14/14 5:00,2318
10/14/14 5:30,4337
10/14/14 6:00,6669
10/14/14 6:30,11585
10/14/14 7:00,15170
10/14/14 7:30,19136
10/14/14 8:00,20085
10/14/14 8:30,19758
10/14/14 9:00,18842
10/14/14 9:30,18530
10/14/14 10:00,16617
10/14/14 10:30,17458
10/14/14 11:00,16359
10/14/14 11:30,17483
10/14/14 12:00,17600
10/14/14 12:30,17552
10/14/14 13:00,17058
10/14/14 13:30,17658
10/14/14 14:00,18319
10/14/14 14:30,18818
10/14/14 15:00,18735
10/14/14 15:30,17254
10/14/14 16:00,15022
10/14/14 16:30,14365
10/14/14 17:00,16300
10/14/14 17:30,19687
10/14/14 18:00,22620
10/14/14 18:30,23309
10/14/14 19:00,23636
10/14/14 19:30,23752
10/14/14 20:00,23095
10/14/14 20:30,23108
10/14/14 21:00,23221
10/14/14 21:30,23581
10/14/14 22:00,22249
10/14/14 22:30,19533
10/14/14 23:00,17226
10/14/14 23:30,13935
10/15/14 0:00,11429
10/15/14 0:30,8486
10/15/14 1:00,6484
10/15/14 1:30,5093
10/15/14 2:00,4018
10/15/14 2:30,3218
10/15/14 3:00,2536
10/15/14 3:30,2219
10/15/14 4:00,2171
10/15/14 4:30,2268
10/15/14 5:00,2437
10/15/14 5:30,4569
10/15/14 6:00,6862
10/15/14 6:30,11924
10/15/14 7:00,15860
10/15/14 7:30,19821
10/15/14 8:00,20508
10/15/14 8:30,20540
10/15/14 9:00,19590
10/15/14 9:30,18480
10/15/14 10:00,17330
10/15/14 10:30,18508
10/15/14 11:00,17354
10/15/14 11:30,18552
10/15/14 12:00,18241
10/15/14 12:30,18475
10/15/14 13:00,17939
10/15/14 13:30,18398
10/15/14 14:00,18875
10/15/14 14:30,19559
10/15/14 15:00,19133
10/15/14 15:30,16816
10/15/14 16:00,14757
10/15/14 16:30,14470
10/15/14 17:00,17800
10/15/14 17:30,21127
10/15/14 18:00,22269
10/15/14 18:30,22819
10/15/14 19:00,23582
10/15/14 19:30,26273
10/15/14 20:00,25338
10/15/14 20:30,24021
10/15/14 21:00,26163
10/15/14 21:30,23839
10/15/14 22:00,22608
10/15/14 22:30,24886
10/15/14 23:00,20128
10/15/14 23:30,16180
10/16/14 0:00,13302
10/16/14 0:30,10509
10/16/14 1:00,8241
10/16/14 1:30,5536
10/16/14 2:00,4664
10/16/14 2:30,3460
10/16/14 3:00,2799
10/16/14 3:30,2730
10/16/14 4:00,2801
10/16/14 4:30,2511
10/16/14 5:00,2670
10/16/14 5:30,4767
10/16/14 6:00,7096
10/16/14 6:30,12556
10/16/14 7:00,16431
10/16/14 7:30,21581
10/16/14 8:00,21355
10/16/14 8:30,21573
10/16/14 9:00,20390
10/16/14 9:30,20452
10/16/14 10:00,19678
10/16/14 10:30,18801
10/16/14 11:00,17223
10/16/14 11:30,18249
10/16/14 12:00,17691
10/16/14 12:30,17052
10/16/14 13:00,16783
10/16/14 13:30,18392
10/16/14 14:00,18593
10/16/14 14:30,19364
10/16/14 15:00,19176
10/16/14 15:30,16795
10/16/14 16:00,15293
10/16/14 16:30,14922
10/16/14 17:00,17899
10/16/14 17:30,21758
10/16/14 18:00,24169
10/16/14 18:30,24615
10/16/14 19:00,26370
10/16/14 19:30,26990
10/16/14 20:00,26168
10/16/14 20:30,25449
10/16/14 21:00,25994
10/16/14 21:30,27115
10/16/14 22:00,26191
10/16/14 22:30,25146
10/16/14 23:00,24371
10/16/14 23:30,23771
10/17/14 0:00,19268
10/17/14 0:30,15623
10/17/14 1:00,12595
10/17/14 1:30,10224
10/17/14 2:00,7941
10/17/14 2:30,6678
10/17/14 3:00,5182
10/17/14 3:30,4502
10/17/14 4:00,4316
10/17/14 4:30,3512
10/17/14 5:00,3174
10/17/14 5:30,4771
10/17/14 6:00,6557
10/17/14 6:30,11929
10/17/14 7:00,14950
10/17/14 7:30,19835
10/17/14 8:00,20149
10/17/14 8:30,19998
10/17/14 9:00,19310
10/17/14 9:30,18601
10/17/14 10:00,17567
10/17/14 10:30,17890
10/17/14 11:00,17470
10/17/14 11:30,18557
10/17/14 12:00,18944
10/17/14 12:30,17922
10/17/14 13:00,17627
10/17/14 13:30,18361
10/17/14 14:00,19557
10/17/14 14:30,19811
10/17/14 15:00,19277
10/17/14 15:30,16741
10/17/14 16:00,14948
10/17/14 16:30,14244
10/17/14 17:00,17563
10/17/14 17:30,21246
10/17/14 18:00,23115
10/17/14 18:30,24785
10/17/14 19:00,26396
10/17/14 19:30,26837
10/17/14 20:00,26621
10/17/14 20:30,26144
10/17/14 21:00,26019
10/17/14 21:30,26816
10/17/14 22:00,26701
10/17/14 22:30,26519
10/17/14 23:00,26740
10/17/14 23:30,26173
10/18/14 0:00,25059
10/18/14 0:30,24437
10/18/14 1:00,22718
10/18/14 1:30,20700
10/18/14 2:00,19623
10/18/14 2:30,16675
10/18/14 3:00,14447
10/18/14 3:30,12377
10/18/14 4:00,10609
10/18/14 4:30,6436
10/18/14 5:00,4562
10/18/14 5:30,3783
10/18/14 6:00,3923
10/18/14 6:30,5060
10/18/14 7:00,5992
10/18/14 7:30,8639
10/18/14 8:00,10309
10/18/14 8:30,13563
10/18/14 9:00,14136
10/18/14 9:30,16945
10/18/14 10:00,17004
10/18/14 10:30,19045
10/18/14 11:00,19859
10/18/14 11:30,21198
10/18/14 12:00,21550
10/18/14 12:30,21583
10/18/14 13:00,21455
10/18/14 13:30,21869
10/18/14 14:00,21426
10/18/14 14:30,21650
10/18/14 15:00,21611
10/18/14 15:30,20904
10/18/14 16:00,18820
10/18/14 16:30,17255
10/18/14 17:00,19029
10/18/14 17:30,22812
10/18/14 18:00,24455
10/18/14 18:30,26373
10/18/14 19:00,27460
10/18/14 19:30,27222
10/18/14 20:00,25204
10/18/14 20:30,24329
10/18/14 21:00,24526
10/18/14 21:30,25203
10/18/14 22:00,25975
10/18/14 22:30,27073
10/18/14 23:00,27881
10/18/14 23:30,28626
10/19/14 0:00,28093
10/19/14 0:30,26200
10/19/14 1:00,25610
10/19/14 1:30,23483
10/19/14 2:00,21850
10/19/14 2:30,19297
10/19/14 3:00,16574
10/19/14 3:30,14355
10/19/14 4:00,12112
10/19/14 4:30,7284
10/19/14 5:00,4845
10/19/14 5:30,3667
10/19/14 6:00,3718
10/19/14 6:30,4573
10/19/14 7:00,5167
10/19/14 7:30,6844
10/19/14 8:00,7279
10/19/14 8:30,9761
10/19/14 9:00,11712
10/19/14 9:30,14210
10/19/14 10:00,15394
10/19/14 10:30,18387
10/19/14 11:00,19168
10/19/14 11:30,20891
10/19/14 12:00,21806
10/19/14 12:30,22188
10/19/14 13:00,22153
10/19/14 13:30,21713
10/19/14 14:00,21838
10/19/14 14:30,21082
10/19/14 15:00,20448
10/19/14 15:30,20113
10/19/14 16:00,18645
10/19/14 16:30,17210
10/19/14 17:00,18326
10/19/14 17:30,20498
10/19/14 18:00,20924
10/19/14 18:30,21579
10/19/14 19:00,22026
10/19/14 19:30,22197
10/19/14 20:00,19709
10/19/14 20:30,18780
10/19/14 21:00,18060
10/19/14 21:30,17973
10/19/14 22:00,16572
10/19/14 22:30,14957
10/19/14 23:00,12461
10/19/14 23:30,10448
10/20/14 0:00,8295
10/20/14 0:30,6837
10/20/14 1:00,4747
10/20/14 1:30,3283
10/20/14 2:00,2904
10/20/14 2:30,2345
10/20/14 3:00,1917
10/20/14 3:30,1783
10/20/14 4:00,2174
10/20/14 4:30,2157
10/20/14 5:00,2989
10/20/14 5:30,4841
10/20/14 6:00,7228
10/20/14 6:30,11726
10/20/14 7:00,14557
10/20/14 7:30,17848
10/20/14 8:00,18436
10/20/14 8:30,18059
10/20/14 9:00,18028
10/20/14 9:30,17353
10/20/14 10:00,16350
10/20/14 10:30,16376
10/20/14 11:00,16099
10/20/14 11:30,16817
10/20/14 12:00,16898
10/20/14 12:30,16809
10/20/14 13:00,16199
10/20/14 13:30,16758
10/20/14 14:00,17679
10/20/14 14:30,18148
10/20/14 15:00,18644
10/20/14 15:30,17183
10/20/14 16:00,16196
10/20/14 16:30,15534
10/20/14 17:00,18451
10/20/14 17:30,20950
10/20/14 18:00,23192
10/20/14 18:30,24655
10/20/14 19:00,24094
10/20/14 19:30,23285
10/20/14 20:00,22083
10/20/14 20:30,21485
10/20/14 21:00,21579
10/20/14 21:30,21118
10/20/14 22:00,20204
10/20/14 22:30,16909
10/20/14 23:00,13785
10/20/14 23:30,11695
10/21/14 0:00,9214
10/21/14 0:30,6931
10/21/14 1:00,5413
10/21/14 1:30,4130
10/21/14 2:00,3276
10/21/14 2:30,2475
10/21/14 3:00,2080
10/21/14 3:30,1917
10/21/14 4:00,2123
10/21/14 4:30,1984
10/21/14 5:00,2458
10/21/14 5:30,4338
10/21/14 6:00,6470
10/21/14 6:30,11775
10/21/14 7:00,15088
10/21/14 7:30,19429
10/21/14 8:00,20482
10/21/14 8:30,19886
10/21/14 9:00,19170
10/21/14 9:30,18277
10/21/14 10:00,17064
10/21/14 10:30,16386
10/21/14 11:00,16633
10/21/14 11:30,17681
10/21/14 12:00,18233
10/21/14 12:30,17996
10/21/14 13:00,16695
10/21/14 13:30,16912
10/21/14 14:00,18124
10/21/14 14:30,18411
10/21/14 15:00,19013
10/21/14 15:30,17590
10/21/14 16:00,15673
10/21/14 16:30,14923
10/21/14 17:00,17981
10/21/14 17:30,21208
10/21/14 18:00,23458
10/21/14 18:30,24028
10/21/14 19:00,24934
10/21/14 19:30,25135
10/21/14 20:00,24613
10/21/14 20:30,24617
10/21/14 21:00,25841
10/21/14 21:30,24141
10/21/14 22:00,23069
10/21/14 22:30,21243
10/21/14 23:00,18077
10/21/14 23:30,15745
10/22/14 0:00,12115
10/22/14 0:30,9035
10/22/14 1:00,7015
10/22/14 1:30,5113
10/22/14 2:00,4220
10/22/14 2:30,3331
10/22/14 3:00,2870
10/22/14 3:30,2516
10/22/14 4:00,2656
10/22/14 4:30,2336
10/22/14 5:00,2494
10/22/14 5:30,5081
10/22/14 6:00,8091
10/22/14 6:30,13037
10/22/14 7:00,16579
10/22/14 7:30,19657
10/22/14 8:00,20914
10/22/14 8:30,20612
10/22/14 9:00,20015
10/22/14 9:30,19001
10/22/14 10:00,17533
10/22/14 10:30,17877
10/22/14 11:00,16470
10/22/14 11:30,18266
10/22/14 12:00,17992
10/22/14 12:30,17419
10/22/14 13:00,16775
10/22/14 13:30,17378
10/22/14 14:00,18067
10/22/14 14:30,19841
10/22/14 15:00,18552
10/22/14 15:30,16825
10/22/14 16:00,14712
10/22/14 16:30,14439
10/22/14 17:00,17305
10/22/14 17:30,20949
10/22/14 18:00,22182
10/22/14 18:30,23886
10/22/14 19:00,25234
10/22/14 19:30,24731
10/22/14 20:00,25195
10/22/14 20:30,25551
10/22/14 21:00,26110
10/22/14 21:30,24842
10/22/14 22:00,23178
10/22/14 22:30,23408
10/22/14 23:00,21749
10/22/14 23:30,17918
10/23/14 0:00,13496
10/23/14 0:30,10416
10/23/14 1:00,8090
10/23/14 1:30,5946
10/23/14 2:00,4330
10/23/14 2:30,3282
10/23/14 3:00,2732
10/23/14 3:30,2524
10/23/14 4:00,2700
10/23/14 4:30,2290
10/23/14 5:00,2743
10/23/14 5:30,4732
10/23/14 6:00,7570
10/23/14 6:30,12751
10/23/14 7:00,16887
10/23/14 7:30,20268
10/23/14 8:00,21992
10/23/14 8:30,21301
10/23/14 9:00,20526
10/23/14 9:30,19251
10/23/14 10:00,18228
10/23/14 10:30,18603
10/23/14 11:00,18762
10/23/14 11:30,19645
10/23/14 12:00,20453
10/23/14 12:30,19400
10/23/14 13:00,18448
10/23/14 13:30,18199
10/23/14 14:00,18845
10/23/14 14:30,18973
10/23/14 15:00,17968
10/23/14 15:30,15112
10/23/14 16:00,13580
10/23/14 16:30,12751
10/23/14 17:00,15901
10/23/14 17:30,19774
10/23/14 18:00,21960
10/23/14 18:30,23790
10/23/14 19:00,24998
10/23/14 19:30,25414
10/23/14 20:00,26075
10/23/14 20:30,25616
10/23/14 21:00,25916
10/23/14 21:30,25589
10/23/14 22:00,25041
10/23/14 22:30,24891
10/23/14 23:00,23888
10/23/14 23:30,22464
10/24/14 0:00,19061
10/24/14 0:30,16689
10/24/14 1:00,13006
10/24/14 1:30,9512
10/24/14 2:00,7745
10/24/14 2:30,6037
10/24/14 3:00,5194
10/24/14 3:30,4419
10/24/14 4:00,4267
10/24/14 4:30,3366
10/24/14 5:00,3096
10/24/14 5:30,4532
10/24/14 6:00,6877
10/24/14 6:30,11826
10/24/14 7:00,15333
10/24/14 7:30,19013
10/24/14 8:00,20131
10/24/14 8:30,19779
10/24/14 9:00,19227
10/24/14 9:30,18824
10/24/14 10:00,17705
10/24/14 10:30,18111
10/24/14 11:00,17408
10/24/14 11:30,18509
10/24/14 12:00,18510
10/24/14 12:30,17910
10/24/14 13:00,17690
10/24/14 13:30,18149
10/24/14 14:00,19632
10/24/14 14:30,19426
10/24/14 15:00,18760
10/24/14 15:30,16379
10/24/14 16:00,15083
10/24/14 16:30,14553
10/24/14 17:00,17509
10/24/14 17:30,20911
10/24/14 18:00,22958
10/24/14 18:30,25257
10/24/14 19:00,26659
10/24/14 19:30,27104
10/24/14 20:00,26439
10/24/14 20:30,25840
10/24/14 21:00,25694
10/24/14 21:30,26093
10/24/14 22:00,26821
10/24/14 22:30,26870
10/24/14 23:00,26889
10/24/14 23:30,27283
10/25/14 0:00,25739
10/25/14 0:30,23889
10/25/14 1:00,22278
10/25/14 1:30,20337
10/25/14 2:00,19179
10/25/14 2:30,16566
10/25/14 3:00,14146
10/25/14 3:30,12015
10/25/14 4:00,10285
10/25/14 4:30,6316
10/25/14 5:00,4106
10/25/14 5:30,3465
10/25/14 6:00,3657
10/25/14 6:30,4756
10/25/14 7:00,6003
10/25/14 7:30,7853
10/25/14 8:00,9091
10/25/14 8:30,12209
10/25/14 9:00,13433
10/25/14 9:30,16768
10/25/14 10:00,16390
10/25/14 10:30,18666
10/25/14 11:00,19740
10/25/14 11:30,21266
10/25/14 12:00,21452
10/25/14 12:30,21613
10/25/14 13:00,21773
10/25/14 13:30,21440
10/25/14 14:00,20362
10/25/14 14:30,20601
10/25/14 15:00,20989
10/25/14 15:30,20210
10/25/14 16:00,18243
10/25/14 16:30,16875
10/25/14 17:00,19078
10/25/14 17:30,22244
10/25/14 18:00,23703
10/25/14 18:30,25544
10/25/14 19:00,27125
10/25/14 19:30,26539
10/25/14 20:00,24964
10/25/14 20:30,23665
10/25/14 21:00,23200
10/25/14 21:30,24238
10/25/14 22:00,25202
10/25/14 22:30,26140
10/25/14 23:00,27417
10/25/14 23:30,27692
10/26/14 0:00,26866
10/26/14 0:30,26254
10/26/14 1:00,24482
10/26/14 1:30,22425
10/26/14 2:00,20865
10/26/14 2:30,18801
10/26/14 3:00,16066
10/26/14 3:30,14093
10/26/14 4:00,11863
10/26/14 4:30,7194
10/26/14 5:00,4661
10/26/14 5:30,3656
10/26/14 6:00,3780
10/26/14 6:30,4116
10/26/14 7:00,4530
10/26/14 7:30,6287
10/26/14 8:00,7318
10/26/14 8:30,9260
10/26/14 9:00,10911
10/26/14 9:30,14136
10/26/14 10:00,15466
10/26/14 10:30,18611
10/26/14 11:00,18437
10/26/14 11:30,20375
10/26/14 12:00,20658
10/26/14 12:30,21283
10/26/14 13:00,20200
10/26/14 13:30,20135
10/26/14 14:00,20306
10/26/14 14:30,20404
10/26/14 15:00,19931
10/26/14 15:30,19772
10/26/14 16:00,18406
10/26/14 16:30,16957
10/26/14 17:00,17972
10/26/14 17:30,19563
10/26/14 18:00,20106
10/26/14 18:30,20449
10/26/14 19:00,19860
10/26/14 19:30,19343
10/26/14 20:00,18128
10/26/14 20:30,17298
10/26/14 21:00,16004
10/26/14 21:30,16422
10/26/14 22:00,14618
10/26/14 22:30,13017
10/26/14 23:00,11532
10/26/14 23:30,10089
10/27/14 0:00,8326
10/27/14 0:30,6579
10/27/14 1:00,4385
10/27/14 1:30,3470
10/27/14 2:00,2854
10/27/14 2:30,2128
10/27/14 3:00,1785
10/27/14 3:30,1707
10/27/14 4:00,2138
10/27/14 4:30,2406
10/27/14 5:00,2847
10/27/14 5:30,4951
10/27/14 6:00,7094
10/27/14 6:30,11090
10/27/14 7:00,14205
10/27/14 7:30,17506
10/27/14 8:00,18105
10/27/14 8:30,17656
10/27/14 9:00,17751
10/27/14 9:30,17096
10/27/14 10:00,15784
10/27/14 10:30,16086
10/27/14 11:00,14843
10/27/14 11:30,16446
10/27/14 12:00,16614
10/27/14 12:30,16155
10/27/14 13:00,15502
10/27/14 13:30,16293
10/27/14 14:00,16885
10/27/14 14:30,17759
10/27/14 15:00,18533
10/27/14 15:30,17617
10/27/14 16:00,16279
10/27/14 16:30,15551
10/27/14 17:00,18199
10/27/14 17:30,20618
10/27/14 18:00,22703
10/27/14 18:30,23897
10/27/14 19:00,24329
10/27/14 19:30,23182
10/27/14 20:00,21778
10/27/14 20:30,21251
10/27/14 21:00,21189
10/27/14 21:30,20884
10/27/14 22:00,19670
10/27/14 22:30,18163
10/27/14 23:00,15613
10/27/14 23:30,13371
10/28/14 0:00,10910
10/28/14 0:30,7638
10/28/14 1:00,5589
10/28/14 1:30,4215
10/28/14 2:00,3386
10/28/14 2:30,2753
10/28/14 3:00,2181
10/28/14 3:30,2034
10/28/14 4:00,2094
10/28/14 4:30,1896
10/28/14 5:00,2632
10/28/14 5:30,4581
10/28/14 6:00,6612
10/28/14 6:30,11609
10/28/14 7:00,15127
10/28/14 7:30,19097
10/28/14 8:00,19516
10/28/14 8:30,19422
10/28/14 9:00,18088
10/28/14 9:30,17669
10/28/14 10:00,16744
10/28/14 10:30,17075
10/28/14 11:00,16035
10/28/14 11:30,17421
10/28/14 12:00,17756
10/28/14 12:30,17057
10/28/14 13:00,16101
10/28/14 13:30,17443
10/28/14 14:00,17890
10/28/14 14:30,18651
10/28/14 15:00,18762
10/28/14 15:30,17135
10/28/14 16:00,15175
10/28/14 16:30,13958
10/28/14 17:00,16881
10/28/14 17:30,19615
10/28/14 18:00,22196
10/28/14 18:30,22906
10/28/14 19:00,23482
10/28/14 19:30,23088
10/28/14 20:00,23728
10/28/14 20:30,23210
10/28/14 21:00,23685
10/28/14 21:30,23843
10/28/14 22:00,22597
10/28/14 22:30,20923
10/28/14 23:00,19229
10/28/14 23:30,15963
10/29/14 0:00,12292
10/29/14 0:30,9190
10/29/14 1:00,6864
10/29/14 1:30,5693
10/29/14 2:00,4499
10/29/14 2:30,3304
10/29/14 3:00,2560
10/29/14 3:30,2485
10/29/14 4:00,2560
10/29/14 4:30,2248
10/29/14 5:00,2389
10/29/14 5:30,4313
10/29/14 6:00,6649
10/29/14 6:30,11289
10/29/14 7:00,15103
10/29/14 7:30,19437
10/29/14 8:00,19443
10/29/14 8:30,19707
10/29/14 9:00,18912
10/29/14 9:30,18203
10/29/14 10:00,16492
10/29/14 10:30,16837
10/29/14 11:00,16075
10/29/14 11:30,17160
10/29/14 12:00,17606
10/29/14 12:30,17267
10/29/14 13:00,16875
10/29/14 13:30,17940
10/29/14 14:00,18339
10/29/14 14:30,18971
10/29/14 15:00,19298
10/29/14 15:30,16665
10/29/14 16:00,15008
10/29/14 16:30,13873
10/29/14 17:00,17894
10/29/14 17:30,21574
10/29/14 18:00,22116
10/29/14 18:30,23582
10/29/14 19:00,25553
10/29/14 19:30,25299
10/29/14 20:00,24778
10/29/14 20:30,24729
10/29/14 21:00,24907
10/29/14 21:30,24810
10/29/14 22:00,24246
10/29/14 22:30,23250
10/29/14 23:00,20700
10/29/14 23:30,18631
10/30/14 0:00,14048
10/30/14 0:30,10691
10/30/14 1:00,8363
10/30/14 1:30,6405
10/30/14 2:00,5251
10/30/14 2:30,3714
10/30/14 3:00,3232
10/30/14 3:30,3057
10/30/14 4:00,3005
10/30/14 4:30,2506
10/30/14 5:00,2821
10/30/14 5:30,5287
10/30/14 6:00,7427
10/30/14 6:30,12248
10/30/14 7:00,15618
10/30/14 7:30,19528
10/30/14 8:00,19813
10/30/14 8:30,19680
10/30/14 9:00,19351
10/30/14 9:30,18967
10/30/14 10:00,17899
10/30/14 10:30,17994
10/30/14 11:00,17167
10/30/14 11:30,18094
10/30/14 12:00,18575
10/30/14 12:30,18022
10/30/14 13:00,17359
10/30/14 13:30,18035
10/30/14 14:00,18733
10/30/14 14:30,19410
10/30/14 15:00,18991
10/30/14 15:30,16749
10/30/14 16:00,14604
10/30/14 16:30,13367
10/30/14 17:00,16382
10/30/14 17:30,19879
10/30/14 18:00,21735
10/30/14 18:30,23802
10/30/14 19:00,24832
10/30/14 19:30,24964
10/30/14 20:00,25791
10/30/14 20:30,25810
10/30/14 21:00,25816
10/30/14 21:30,25849
10/30/14 22:00,24877
10/30/14 22:30,25072
10/30/14 23:00,24763
10/30/14 23:30,22241
10/31/14 0:00,19957
10/31/14 0:30,16881
10/31/14 1:00,13588
10/31/14 1:30,10958
10/31/14 2:00,9119
10/31/14 2:30,7589
10/31/14 3:00,6221
10/31/14 3:30,4936
10/31/14 4:00,4796
10/31/14 4:30,3555
10/31/14 5:00,3337
10/31/14 5:30,4665
10/31/14 6:00,7084
10/31/14 6:30,11681
10/31/14 7:00,14822
10/31/14 7:30,19004
10/31/14 8:00,20306
10/31/14 8:30,20687
10/31/14 9:00,19585
10/31/14 9:30,18702
10/31/14 10:00,18099
10/31/14 10:30,18335
10/31/14 11:00,17653
10/31/14 11:30,18889
10/31/14 12:00,19146
10/31/14 12:30,18833
10/31/14 13:00,18315
10/31/14 13:30,18917
10/31/14 14:00,20430
10/31/14 14:30,20608
10/31/14 15:00,19915
10/31/14 15:30,16981
10/31/14 16:00,15045
10/31/14 16:30,13978
10/31/14 17:00,16891
10/31/14 17:30,20025
10/31/14 18:00,21438
10/31/14 18:30,23813
10/31/14 19:00,25517
10/31/14 19:30,25493
10/31/14 20:00,25475
10/31/14 20:30,26996
10/31/14 21:00,27015
10/31/14 21:30,27264
10/31/14 22:00,26977
10/31/14 22:30,26343
10/31/14 23:00,26333
10/31/14 23:30,26524
11/1/14 0:00,25425
11/1/14 0:30,24937
11/1/14 1:00,24946
11/1/14 1:30,23736
11/1/14 2:00,23245
11/1/14 2:30,21459
11/1/14 3:00,19849
11/1/14 3:30,17679
11/1/14 4:00,15018
11/1/14 4:30,10600
11/1/14 5:00,7758
11/1/14 5:30,5907
11/1/14 6:00,5743
11/1/14 6:30,6223
11/1/14 7:00,6386
11/1/14 7:30,9098
11/1/14 8:00,9864
11/1/14 8:30,12903
11/1/14 9:00,14185
11/1/14 9:30,18584
11/1/14 10:00,19066
11/1/14 10:30,22683
11/1/14 11:00,23292
11/1/14 11:30,24154
11/1/14 12:00,25310
11/1/14 12:30,26625
11/1/14 13:00,25584
11/1/14 13:30,25115
11/1/14 14:00,23935
11/1/14 14:30,23341
11/1/14 15:00,23337
11/1/14 15:30,22199
11/1/14 16:00,20008
11/1/14 16:30,18443
11/1/14 17:00,20865
11/1/14 17:30,23719
11/1/14 18:00,25241
11/1/14 18:30,27383
11/1/14 19:00,28398
11/1/14 19:30,27426
11/1/14 20:00,26537
11/1/14 20:30,25980
11/1/14 21:00,24601
11/1/14 21:30,24838
11/1/14 22:00,26372
11/1/14 22:30,26567
11/1/14 23:00,25879
11/1/14 23:30,26125
11/2/14 0:00,25110
11/2/14 0:30,23109
11/2/14 1:00,39197
11/2/14 1:30,35212
11/2/14 2:00,13259
11/2/14 2:30,12250
11/2/14 3:00,10013
11/2/14 3:30,7898
11/2/14 4:00,6375
11/2/14 4:30,4532
11/2/14 5:00,5116
11/2/14 5:30,5232
11/2/14 6:00,4542
11/2/14 6:30,5298
11/2/14 7:00,5155
11/2/14 7:30,6029
11/2/14 8:00,6280
11/2/14 8:30,8771
11/2/14 9:00,10151
11/2/14 9:30,12501
11/2/14 10:00,13990
11/2/14 10:30,16534
11/2/14 11:00,17133
11/2/14 11:30,18775
11/2/14 12:00,18985
11/2/14 12:30,19911
11/2/14 13:00,19123
11/2/14 13:30,19524
11/2/14 14:00,19640
11/2/14 14:30,18364
11/2/14 15:00,17940
11/2/14 15:30,17949
11/2/14 16:00,17288
11/2/14 16:30,16326
11/2/14 17:00,17522
11/2/14 17:30,19243
11/2/14 18:00,20291
11/2/14 18:30,21649
11/2/14 19:00,22839
11/2/14 19:30,21772
11/2/14 20:00,20994
11/2/14 20:30,19774
11/2/14 21:00,18398
11/2/14 21:30,17764
11/2/14 22:00,17334
11/2/14 22:30,15431
11/2/14 23:00,12958
11/2/14 23:30,10224
11/3/14 0:00,8771
11/3/14 0:30,6045
11/3/14 1:00,4413
11/3/14 1:30,3235
11/3/14 2:00,2688
11/3/14 2:30,1983
11/3/14 3:00,1756
11/3/14 3:30,1683
11/3/14 4:00,2140
11/3/14 4:30,2288
11/3/14 5:00,2948
11/3/14 5:30,4813
11/3/14 6:00,8044
11/3/14 6:30,12885
11/3/14 7:00,14627
11/3/14 7:30,18111
11/3/14 8:00,18266
11/3/14 8:30,18384
11/3/14 9:00,18104
11/3/14 9:30,17357
11/3/14 10:00,16008
11/3/14 10:30,16379
11/3/14 11:00,15351
11/3/14 11:30,16770
11/3/14 12:00,16711
11/3/14 12:30,17011
11/3/14 13:00,16373
11/3/14 13:30,17097
11/3/14 14:00,17364
11/3/14 14:30,18333
11/3/14 15:00,18428
11/3/14 15:30,16974
11/3/14 16:00,16139
11/3/14 16:30,15205
11/3/14 17:00,17392
11/3/14 17:30,20141
11/3/14 18:00,22581
11/3/14 18:30,23098
11/3/14 19:00,23154
11/3/14 19:30,22688
11/3/14 20:00,22047
11/3/14 20:30,21283
11/3/14 21:00,21070
11/3/14 21:30,19910
11/3/14 22:00,20541
11/3/14 22:30,18105
11/3/14 23:00,14554
11/3/14 23:30,12695
11/4/14 0:00,10667
11/4/14 0:30,8479
11/4/14 1:00,6005
11/4/14 1:30,3899
11/4/14 2:00,3111
11/4/14 2:30,2526
11/4/14 3:00,2112
11/4/14 3:30,1885
11/4/14 4:00,1921
11/4/14 4:30,2267
11/4/14 5:00,2413
11/4/14 5:30,4413
11/4/14 6:00,7168
11/4/14 6:30,12160
11/4/14 7:00,14845
11/4/14 7:30,18403
11/4/14 8:00,18445
11/4/14 8:30,19018
11/4/14 9:00,18105
11/4/14 9:30,17459
11/4/14 10:00,16381
11/4/14 10:30,16623
11/4/14 11:00,16144
11/4/14 11:30,17318
11/4/14 12:00,17658
11/4/14 12:30,17108
11/4/14 13:00,16178
11/4/14 13:30,17973
11/4/14 14:00,18152
11/4/14 14:30,18445
11/4/14 15:00,18556
11/4/14 15:30,16865
11/4/14 16:00,14505
11/4/14 16:30,13471
11/4/14 17:00,15853
11/4/14 17:30,18369
11/4/14 18:00,20968
11/4/14 18:30,22239
11/4/14 19:00,22626
11/4/14 19:30,22924
11/4/14 20:00,22853
11/4/14 20:30,22393
11/4/14 21:00,23088
11/4/14 21:30,22431
11/4/14 22:00,22239
11/4/14 22:30,19918
11/4/14 23:00,17675
11/4/14 23:30,14953
11/5/14 0:00,12025
11/5/14 0:30,8767
11/5/14 1:00,6670
11/5/14 1:30,5197
11/5/14 2:00,4289
11/5/14 2:30,3186
11/5/14 3:00,2747
11/5/14 3:30,2257
11/5/14 4:00,2397
11/5/14 4:30,2205
11/5/14 5:00,2625
11/5/14 5:30,4404
11/5/14 6:00,7007
11/5/14 6:30,12065
11/5/14 7:00,15803
11/5/14 7:30,19844
11/5/14 8:00,19937
11/5/14 8:30,20299
11/5/14 9:00,19584
11/5/14 9:30,19313
11/5/14 10:00,16887
11/5/14 10:30,17118
11/5/14 11:00,16847
11/5/14 11:30,18356
11/5/14 12:00,18124
11/5/14 12:30,17783
11/5/14 13:00,17223
11/5/14 13:30,17852
11/5/14 14:00,18374
11/5/14 14:30,18641
11/5/14 15:00,18913
11/5/14 15:30,16314
11/5/14 16:00,13917
11/5/14 16:30,13151
11/5/14 17:00,16100
11/5/14 17:30,19136
11/5/14 18:00,21762
11/5/14 18:30,22829
11/5/14 19:00,23705
11/5/14 19:30,23740
11/5/14 20:00,23789
11/5/14 20:30,23389
11/5/14 21:00,24122
11/5/14 21:30,24156
11/5/14 22:00,23679
11/5/14 22:30,22803
11/5/14 23:00,20814
11/5/14 23:30,17376
11/6/14 0:00,13846
11/6/14 0:30,10387
11/6/14 1:00,8384
11/6/14 1:30,6455
11/6/14 2:00,5043
11/6/14 2:30,3738
11/6/14 3:00,3155
11/6/14 3:30,2758
11/6/14 4:00,3122
11/6/14 4:30,2625
11/6/14 5:00,2760
11/6/14 5:30,4995
11/6/14 6:00,8021
11/6/14 6:30,13803
11/6/14 7:00,17405
11/6/14 7:30,20841
11/6/14 8:00,21338
11/6/14 8:30,21281
11/6/14 9:00,20108
11/6/14 9:30,20198
11/6/14 10:00,19035
11/6/14 10:30,19155
11/6/14 11:00,17964
11/6/14 11:30,18680
11/6/14 12:00,18600
11/6/14 12:30,17556
11/6/14 13:00,17373
11/6/14 13:30,17832
11/6/14 14:00,18087
11/6/14 14:30,18057
11/6/14 15:00,17634
11/6/14 15:30,15492
11/6/14 16:00,13677
11/6/14 16:30,12574
11/6/14 17:00,15818
11/6/14 17:30,19350
11/6/14 18:00,21754
11/6/14 18:30,23740
11/6/14 19:00,24666
11/6/14 19:30,25142
11/6/14 20:00,25597
11/6/14 20:30,25126
11/6/14 21:00,25312
11/6/14 21:30,26067
11/6/14 22:00,25613
11/6/14 22:30,23971
11/6/14 23:00,22859
11/6/14 23:30,21287
11/7/14 0:00,18308
11/7/14 0:30,14352
11/7/14 1:00,11746
11/7/14 1:30,9042
11/7/14 2:00,7318
11/7/14 2:30,6009
11/7/14 3:00,5364
11/7/14 3:30,4336
11/7/14 4:00,4008
11/7/14 4:30,3263
11/7/14 5:00,3183
11/7/14 5:30,4813
11/7/14 6:00,7519
11/7/14 6:30,12074
11/7/14 7:00,15249
11/7/14 7:30,19300
11/7/14 8:00,19564
11/7/14 8:30,19132
11/7/14 9:00,18454
11/7/14 9:30,17950
11/7/14 10:00,17374
11/7/14 10:30,17674
11/7/14 11:00,17016
11/7/14 11:30,18484
11/7/14 12:00,18460
11/7/14 12:30,17693
11/7/14 13:00,18093
11/7/14 13:30,19918
11/7/14 14:00,19945
11/7/14 14:30,19077
11/7/14 15:00,18186
11/7/14 15:30,16030
11/7/14 16:00,14092
11/7/14 16:30,13270
11/7/14 17:00,15935
11/7/14 17:30,19419
11/7/14 18:00,21778
11/7/14 18:30,24460
11/7/14 19:00,26246
11/7/14 19:30,27224
11/7/14 20:00,26862
11/7/14 20:30,27340
11/7/14 21:00,27335
11/7/14 21:30,26727
11/7/14 22:00,27181
11/7/14 22:30,27761
11/7/14 23:00,27193
11/7/14 23:30,26857
11/8/14 0:00,25692
11/8/14 0:30,24162
11/8/14 1:00,22219
11/8/14 1:30,20748
11/8/14 2:00,19471
11/8/14 2:30,16940
11/8/14 3:00,14431
11/8/14 3:30,11898
11/8/14 4:00,10264
11/8/14 4:30,5942
11/8/14 5:00,4063
11/8/14 5:30,3498
11/8/14 6:00,3726
11/8/14 6:30,5242
11/8/14 7:00,5655
11/8/14 7:30,8191
11/8/14 8:00,9371
11/8/14 8:30,13050
11/8/14 9:00,13820
11/8/14 9:30,17437
11/8/14 10:00,17281
11/8/14 10:30,19718
11/8/14 11:00,19999
11/8/14 11:30,22047
11/8/14 12:00,22352
11/8/14 12:30,22898
11/8/14 13:00,22660
11/8/14 13:30,23047
11/8/14 14:00,21976
11/8/14 14:30,22746
11/8/14 15:00,22382
11/8/14 15:30,21956
11/8/14 16:00,18619
11/8/14 16:30,15861
11/8/14 17:00,18326
11/8/14 17:30,22332
11/8/14 18:00,25097
11/8/14 18:30,27236
11/8/14 19:00,27898
11/8/14 19:30,26790
11/8/14 20:00,25561
11/8/14 20:30,24344
11/8/14 21:00,23890
11/8/14 21:30,24609
11/8/14 22:00,26595
11/8/14 22:30,27260
11/8/14 23:00,27998
11/8/14 23:30,27854
11/9/14 0:00,26931
11/9/14 0:30,25208
11/9/14 1:00,23782
11/9/14 1:30,22472
11/9/14 2:00,21183
11/9/14 2:30,18443
11/9/14 3:00,16105
11/9/14 3:30,13801
11/9/14 4:00,11997
11/9/14 4:30,7112
11/9/14 5:00,4627
11/9/14 5:30,3683
11/9/14 6:00,3587
11/9/14 6:30,4158
11/9/14 7:00,4351
11/9/14 7:30,5823
11/9/14 8:00,6850
11/9/14 8:30,9839
11/9/14 9:00,11422
11/9/14 9:30,14897
11/9/14 10:00,15815
11/9/14 10:30,18787
11/9/14 11:00,18880
11/9/14 11:30,19871
11/9/14 12:00,20722
11/9/14 12:30,21774
11/9/14 13:00,21318
11/9/14 13:30,20699
11/9/14 14:00,20831
11/9/14 14:30,20467
11/9/14 15:00,20249
11/9/14 15:30,20100
11/9/14 16:00,18688
11/9/14 16:30,17249
11/9/14 17:00,18573
11/9/14 17:30,19937
11/9/14 18:00,20564
11/9/14 18:30,20132
11/9/14 19:00,19654
11/9/14 19:30,18449
11/9/14 20:00,17176
11/9/14 20:30,17596
11/9/14 21:00,16431
11/9/14 21:30,15860
11/9/14 22:00,15253
11/9/14 22:30,13845
11/9/14 23:00,11656
11/9/14 23:30,9818
11/10/14 0:00,7870
11/10/14 0:30,6079
11/10/14 1:00,4644
11/10/14 1:30,3501
11/10/14 2:00,2989
11/10/14 2:30,2247
11/10/14 3:00,1853
11/10/14 3:30,1791
11/10/14 4:00,2189
11/10/14 4:30,2328
11/10/14 5:00,2827
11/10/14 5:30,4738
11/10/14 6:00,6803
11/10/14 6:30,11738
11/10/14 7:00,14296
11/10/14 7:30,17240
11/10/14 8:00,17657
11/10/14 8:30,17904
11/10/14 9:00,17705
11/10/14 9:30,16814
11/10/14 10:00,15908
11/10/14 10:30,15545
11/10/14 11:00,15119
11/10/14 11:30,16241
11/10/14 12:00,16354
11/10/14 12:30,16002
11/10/14 13:00,15560
11/10/14 13:30,16855
11/10/14 14:00,17292
11/10/14 14:30,17780
11/10/14 15:00,18467
11/10/14 15:30,17048
11/10/14 16:00,15386
11/10/14 16:30,15329
11/10/14 17:00,17444
11/10/14 17:30,19765
11/10/14 18:00,22418
11/10/14 18:30,22794
11/10/14 19:00,23094
11/10/14 19:30,22197
11/10/14 20:00,21796
11/10/14 20:30,20849
11/10/14 21:00,21169
11/10/14 21:30,20613
11/10/14 22:00,20734
11/10/14 22:30,17540
11/10/14 23:00,15189
11/10/14 23:30,12879
11/11/14 0:00,10511
11/11/14 0:30,7509
11/11/14 1:00,6277
11/11/14 1:30,4622
11/11/14 2:00,3785
11/11/14 2:30,2970
11/11/14 3:00,2332
11/11/14 3:30,2166
11/11/14 4:00,2179
11/11/14 4:30,2040
11/11/14 5:00,2278
11/11/14 5:30,3860
11/11/14 6:00,5517
11/11/14 6:30,9569
11/11/14 7:00,12272
11/11/14 7:30,16460
11/11/14 8:00,16976
11/11/14 8:30,17823
11/11/14 9:00,17655
11/11/14 9:30,16946
11/11/14 10:00,15846
11/11/14 10:30,15835
11/11/14 11:00,15442
11/11/14 11:30,16069
11/11/14 12:00,15966
11/11/14 12:30,15584
11/11/14 13:00,15384
11/11/14 13:30,15909
11/11/14 14:00,16140
11/11/14 14:30,16337
11/11/14 15:00,16381
11/11/14 15:30,15196
11/11/14 16:00,13003
11/11/14 16:30,12213
11/11/14 17:00,15103
11/11/14 17:30,18301
11/11/14 18:00,20626
11/11/14 18:30,22533
11/11/14 19:00,22905
11/11/14 19:30,22181
11/11/14 20:00,21899
11/11/14 20:30,21789
11/11/14 21:00,22253
11/11/14 21:30,22515
11/11/14 22:00,21410
11/11/14 22:30,19812
11/11/14 23:00,17135
11/11/14 23:30,13567
11/12/14 0:00,10829
11/12/14 0:30,7850
11/12/14 1:00,6572
11/12/14 1:30,4748
11/12/14 2:00,3777
11/12/14 2:30,3255
11/12/14 3:00,2415
11/12/14 3:30,2279
11/12/14 4:00,2353
11/12/14 4:30,2142
11/12/14 5:00,2540
11/12/14 5:30,4177
11/12/14 6:00,6843
11/12/14 6:30,11818
11/12/14 7:00,15665
11/12/14 7:30,19785
11/12/14 8:00,19813
11/12/14 8:30,19623
11/12/14 9:00,18444
11/12/14 9:30,17937
11/12/14 10:00,16552
11/12/14 10:30,17394
11/12/14 11:00,16960
11/12/14 11:30,18105
11/12/14 12:00,17724
11/12/14 12:30,16327
11/12/14 13:00,16527
11/12/14 13:30,17290
11/12/14 14:00,18042
11/12/14 14:30,18250
11/12/14 15:00,17656
11/12/14 15:30,16288
11/12/14 16:00,13992
11/12/14 16:30,12912
11/12/14 17:00,16032
11/12/14 17:30,18814
11/12/14 18:00,21296
11/12/14 18:30,23115
11/12/14 19:00,23859
11/12/14 19:30,24749
11/12/14 20:00,23879
11/12/14 20:30,23815
11/12/14 21:00,24595
11/12/14 21:30,24494
11/12/14 22:00,24213
11/12/14 22:30,22931
11/12/14 23:00,20785
11/12/14 23:30,17464
11/13/14 0:00,13303
11/13/14 0:30,10350
11/13/14 1:00,7850
11/13/14 1:30,5961
11/13/14 2:00,5051
11/13/14 2:30,3833
11/13/14 3:00,3006
11/13/14 3:30,2515
11/13/14 4:00,2816
11/13/14 4:30,2248
11/13/14 5:00,2621
11/13/14 5:30,4392
11/13/14 6:00,7062
11/13/14 6:30,12333
11/13/14 7:00,15661
11/13/14 7:30,19597
11/13/14 8:00,20200
11/13/14 8:30,19843
11/13/14 9:00,19031
11/13/14 9:30,18253
11/13/14 10:00,17244
11/13/14 10:30,17402
11/13/14 11:00,17286
11/13/14 11:30,18936
11/13/14 12:00,18516
11/13/14 12:30,17635
11/13/14 13:00,17343
11/13/14 13:30,19090
11/13/14 14:00,19197
11/13/14 14:30,19207
11/13/14 15:00,18412
11/13/14 15:30,16391
11/13/14 16:00,13472
11/13/14 16:30,12807
11/13/14 17:00,16097
11/13/14 17:30,19322
11/13/14 18:00,21645
11/13/14 18:30,22745
11/13/14 19:00,24219
11/13/14 19:30,25443
11/13/14 20:00,25695
11/13/14 20:30,25994
11/13/14 21:00,26424
11/13/14 21:30,25450
11/13/14 22:00,24621
11/13/14 22:30,23727
11/13/14 23:00,22503
11/13/14 23:30,20709
11/14/14 0:00,17932
11/14/14 0:30,14668
11/14/14 1:00,11986
11/14/14 1:30,9213
11/14/14 2:00,7202
11/14/14 2:30,5552
11/14/14 3:00,5023
11/14/14 3:30,3900
11/14/14 4:00,4039
11/14/14 4:30,2987
11/14/14 5:00,3090
11/14/14 5:30,4737
11/14/14 6:00,7102
11/14/14 6:30,12268
11/14/14 7:00,15903
11/14/14 7:30,20015
11/14/14 8:00,20432
11/14/14 8:30,20735
11/14/14 9:00,19149
11/14/14 9:30,18665
11/14/14 10:00,17992
11/14/14 10:30,17773
11/14/14 11:00,17786
11/14/14 11:30,18128
11/14/14 12:00,18355
11/14/14 12:30,17629
11/14/14 13:00,17104
11/14/14 13:30,18151
11/14/14 14:00,18892
11/14/14 14:30,19540
11/14/14 15:00,18557
11/14/14 15:30,16263
11/14/14 16:00,14668
11/14/14 16:30,13473
11/14/14 17:00,16747
11/14/14 17:30,20594
11/14/14 18:00,23151
11/14/14 18:30,25446
11/14/14 19:00,27196
11/14/14 19:30,26881
11/14/14 20:00,25994
11/14/14 20:30,25879
11/14/14 21:00,26301
11/14/14 21:30,27136
11/14/14 22:00,26940
11/14/14 22:30,26834
11/14/14 23:00,26960
11/14/14 23:30,26107
11/15/14 0:00,25034
11/15/14 0:30,24103
11/15/14 1:00,22682
11/15/14 1:30,20630
11/15/14 2:00,19226
11/15/14 2:30,16555
11/15/14 3:00,14088
11/15/14 3:30,12491
11/15/14 4:00,10208
11/15/14 4:30,5853
11/15/14 5:00,4019
11/15/14 5:30,3477
11/15/14 6:00,3582
11/15/14 6:30,4936
11/15/14 7:00,5272
11/15/14 7:30,7427
11/15/14 8:00,8646
11/15/14 8:30,12313
11/15/14 9:00,13426
11/15/14 9:30,17040
11/15/14 10:00,16811
11/15/14 10:30,19069
11/15/14 11:00,19423
11/15/14 11:30,21552
11/15/14 12:00,21685
11/15/14 12:30,22380
11/15/14 13:00,21954
11/15/14 13:30,21926
11/15/14 14:00,21851
11/15/14 14:30,22014
11/15/14 15:00,22075
11/15/14 15:30,20936
11/15/14 16:00,18358
11/15/14 16:30,15289
11/15/14 17:00,17742
11/15/14 17:30,21769
11/15/14 18:00,24058
11/15/14 18:30,26029
11/15/14 19:00,27266
11/15/14 19:30,26817
11/15/14 20:00,25049
11/15/14 20:30,23713
11/15/14 21:00,23324
11/15/14 21:30,23970
11/15/14 22:00,26325
11/15/14 22:30,26139
11/15/14 23:00,27312
11/15/14 23:30,28114
11/16/14 0:00,26651
11/16/14 0:30,25212
11/16/14 1:00,24273
11/16/14 1:30,22665
11/16/14 2:00,21069
11/16/14 2:30,18803
11/16/14 3:00,16590
11/16/14 3:30,14414
11/16/14 4:00,12228
11/16/14 4:30,7230
11/16/14 5:00,4624
11/16/14 5:30,3594
11/16/14 6:00,3332
11/16/14 6:30,4083
11/16/14 7:00,4416
11/16/14 7:30,5214
11/16/14 8:00,6429
11/16/14 8:30,8898
11/16/14 9:00,10911
11/16/14 9:30,13475
11/16/14 10:00,15157
11/16/14 10:30,18595
11/16/14 11:00,19233
11/16/14 11:30,20372
11/16/14 12:00,21847
11/16/14 12:30,21695
11/16/14 13:00,21880
11/16/14 13:30,21047
11/16/14 14:00,21107
11/16/14 14:30,20602
11/16/14 15:00,19817
11/16/14 15:30,19310
11/16/14 16:00,18479
11/16/14 16:30,16296
11/16/14 17:00,17751
11/16/14 17:30,19230
11/16/14 18:00,19883
11/16/14 18:30,19768
11/16/14 19:00,18931
11/16/14 19:30,17936
11/16/14 20:00,16360
11/16/14 20:30,16885
11/16/14 21:00,16000
11/16/14 21:30,14902
11/16/14 22:00,13707
11/16/14 22:30,13406
11/16/14 23:00,12021
11/16/14 23:30,11115
11/17/14 0:00,8317
11/17/14 0:30,5887
11/17/14 1:00,4464
11/17/14 1:30,3425
11/17/14 2:00,2961
11/17/14 2:30,2328
11/17/14 3:00,2020
11/17/14 3:30,1764
11/17/14 4:00,2139
11/17/14 4:30,2296
11/17/14 5:00,2960
11/17/14 5:30,5121
11/17/14 6:00,7871
11/17/14 6:30,11902
11/17/14 7:00,14583
11/17/14 7:30,17190
11/17/14 8:00,18725
11/17/14 8:30,18822
11/17/14 9:00,17992
11/17/14 9:30,17210
11/17/14 10:00,15940
11/17/14 10:30,17094
11/17/14 11:00,15247
11/17/14 11:30,16676
11/17/14 12:00,16895
11/17/14 12:30,17205
11/17/14 13:00,17634
11/17/14 13:30,18189
11/17/14 14:00,19319
11/17/14 14:30,18757
11/17/14 15:00,17239
11/17/14 15:30,14885
11/17/14 16:00,13577
11/17/14 16:30,13513
11/17/14 17:00,15864
11/17/14 17:30,18502
11/17/14 18:00,20313
11/17/14 18:30,20674
11/17/14 19:00,21079
11/17/14 19:30,21433
11/17/14 20:00,20590
11/17/14 20:30,19515
11/17/14 21:00,20194
11/17/14 21:30,19251
11/17/14 22:00,18436
11/17/14 22:30,16099
11/17/14 23:00,14985
11/17/14 23:30,11612
11/18/14 0:00,9828
11/18/14 0:30,7529
11/18/14 1:00,6162
11/18/14 1:30,4296
11/18/14 2:00,3090
11/18/14 2:30,2366
11/18/14 3:00,2094
11/18/14 3:30,1831
11/18/14 4:00,1987
11/18/14 4:30,1936
11/18/14 5:00,2346
11/18/14 5:30,4328
11/18/14 6:00,6935
11/18/14 6:30,12642
11/18/14 7:00,16037
11/18/14 7:30,20032
11/18/14 8:00,20709
11/18/14 8:30,20897
11/18/14 9:00,20127
11/18/14 9:30,19075
11/18/14 10:00,17883
11/18/14 10:30,17581
11/18/14 11:00,16559
11/18/14 11:30,17870
11/18/14 12:00,18097
11/18/14 12:30,17714
11/18/14 13:00,17104
11/18/14 13:30,17999
11/18/14 14:00,19071
11/18/14 14:30,19197
11/18/14 15:00,19000
11/18/14 15:30,17013
11/18/14 16:00,14962
11/18/14 16:30,13727
11/18/14 17:00,16826
11/18/14 17:30,20320
11/18/14 18:00,23167
11/18/14 18:30,23782
11/18/14 19:00,24068
11/18/14 19:30,24831
11/18/14 20:00,25564
11/18/14 20:30,25300
11/18/14 21:00,25503
11/18/14 21:30,24598
11/18/14 22:00,24120
11/18/14 22:30,22641
11/18/14 23:00,19722
11/18/14 23:30,15507
11/19/14 0:00,12079
11/19/14 0:30,8561
11/19/14 1:00,6632
11/19/14 1:30,4846
11/19/14 2:00,3996
11/19/14 2:30,3339
11/19/14 3:00,2594
11/19/14 3:30,2315
11/19/14 4:00,2462
11/19/14 4:30,2077
11/19/14 5:00,2448
11/19/14 5:30,4656
11/19/14 6:00,7055
11/19/14 6:30,12903
11/19/14 7:00,16639
11/19/14 7:30,20585
11/19/14 8:00,21833
11/19/14 8:30,21453
11/19/14 9:00,20023
11/19/14 9:30,18790
11/19/14 10:00,18382
11/19/14 10:30,17956
11/19/14 11:00,17477
11/19/14 11:30,18590
11/19/14 12:00,18409
11/19/14 12:30,18020
11/19/14 13:00,16950
11/19/14 13:30,17826
11/19/14 14:00,18105
11/19/14 14:30,18187
11/19/14 15:00,18565
11/19/14 15:30,16454
11/19/14 16:00,14355
11/19/14 16:30,13109
11/19/14 17:00,15924
11/19/14 17:30,19175
11/19/14 18:00,21521
11/19/14 18:30,22762
11/19/14 19:00,23889
11/19/14 19:30,24408
11/19/14 20:00,24501
11/19/14 20:30,24316
11/19/14 21:00,24362
11/19/14 21:30,24032
11/19/14 22:00,23174
11/19/14 22:30,22453
11/19/14 23:00,20964
11/19/14 23:30,18142
11/20/14 0:00,14466
11/20/14 0:30,10771
11/20/14 1:00,8100
11/20/14 1:30,5976
11/20/14 2:00,5000
11/20/14 2:30,3727
11/20/14 3:00,2984
11/20/14 3:30,2584
11/20/14 4:00,2591
11/20/14 4:30,2253
11/20/14 5:00,2489
11/20/14 5:30,4419
11/20/14 6:00,7014
11/20/14 6:30,12470
11/20/14 7:00,16549
11/20/14 7:30,19879
11/20/14 8:00,20437
11/20/14 8:30,19549
11/20/14 9:00,18639
11/20/14 9:30,18683
11/20/14 10:00,18486
11/20/14 10:30,18014
11/20/14 11:00,16720
11/20/14 11:30,18570
11/20/14 12:00,18309
11/20/14 12:30,17294
11/20/14 13:00,16699
11/20/14 13:30,17819
11/20/14 14:00,18227
11/20/14 14:30,18586
11/20/14 15:00,18078
11/20/14 15:30,15656
11/20/14 16:00,12989
11/20/14 16:30,11740
11/20/14 17:00,14934
11/20/14 17:30,18494
11/20/14 18:00,21215
11/20/14 18:30,23643
11/20/14 19:00,24623
11/20/14 19:30,24564
11/20/14 20:00,25305
11/20/14 20:30,25039
11/20/14 21:00,25351
11/20/14 21:30,24526
11/20/14 22:00,24739
11/20/14 22:30,23638
11/20/14 23:00,21861
11/20/14 23:30,21500
11/21/14 0:00,19838
11/21/14 0:30,16307
11/21/14 1:00,12324
11/21/14 1:30,10006
11/21/14 2:00,8077
11/21/14 2:30,6355
11/21/14 3:00,5091
11/21/14 3:30,4247
11/21/14 4:00,4440
11/21/14 4:30,3089
11/21/14 5:00,2930
11/21/14 5:30,4782
11/21/14 6:00,7250
11/21/14 6:30,12167
11/21/14 7:00,15235
11/21/14 7:30,20053
11/21/14 8:00,20654
11/21/14 8:30,21158
11/21/14 9:00,19863
11/21/14 9:30,18775
11/21/14 10:00,18346
11/21/14 10:30,18645
11/21/14 11:00,17986
11/21/14 11:30,19070
11/21/14 12:00,18901
11/21/14 12:30,17585
11/21/14 13:00,17309
11/21/14 13:30,18226
11/21/14 14:00,18788
11/21/14 14:30,19103
11/21/14 15:00,18261
11/21/14 15:30,15945
11/21/14 16:00,14181
11/21/14 16:30,12992
11/21/14 17:00,15847
11/21/14 17:30,19426
11/21/14 18:00,22514
11/21/14 18:30,24457
11/21/14 19:00,26156
11/21/14 19:30,26677
11/21/14 20:00,26217
11/21/14 20:30,26289
11/21/14 21:00,26370
11/21/14 21:30,26344
11/21/14 22:00,26736
11/21/14 22:30,27093
11/21/14 23:00,27569
11/21/14 23:30,27064
11/22/14 0:00,26220
11/22/14 0:30,24289
11/22/14 1:00,22849
11/22/14 1:30,20731
11/22/14 2:00,19081
11/22/14 2:30,16573
11/22/14 3:00,14188
11/22/14 3:30,12213
11/22/14 4:00,10145
11/22/14 4:30,5902
11/22/14 5:00,3983
11/22/14 5:30,3556
11/22/14 6:00,3651
11/22/14 6:30,5153
11/22/14 7:00,5379
11/22/14 7:30,7174
11/22/14 8:00,9070
11/22/14 8:30,12114
11/22/14 9:00,13665
11/22/14 9:30,17463
11/22/14 10:00,17209
11/22/14 10:30,20299
11/22/14 11:00,20255
11/22/14 11:30,22981
11/22/14 12:00,23368
11/22/14 12:30,23444
11/22/14 13:00,22610
11/22/14 13:30,22258
11/22/14 14:00,21160
11/22/14 14:30,22960
11/22/14 15:00,23007
11/22/14 15:30,21145
11/22/14 16:00,18440
11/22/14 16:30,16028
11/22/14 17:00,19101
11/22/14 17:30,22361
11/22/14 18:00,24256
11/22/14 18:30,26410
11/22/14 19:00,27377
11/22/14 19:30,26255
11/22/14 20:00,23977
11/22/14 20:30,23565
11/22/14 21:00,22703
11/22/14 21:30,23078
11/22/14 22:00,25755
11/22/14 22:30,27028
11/22/14 23:00,28126
11/22/14 23:30,28472
11/23/14 0:00,27424
11/23/14 0:30,25493
11/23/14 1:00,24876
11/23/14 1:30,22639
11/23/14 2:00,21013
11/23/14 2:30,19100
11/23/14 3:00,16662
11/23/14 3:30,14489
11/23/14 4:00,12023
11/23/14 4:30,7069
11/23/14 5:00,4453
11/23/14 5:30,3483
11/23/14 6:00,3479
11/23/14 6:30,3968
11/23/14 7:00,4092
11/23/14 7:30,5877
11/23/14 8:00,6845
11/23/14 8:30,8283
11/23/14 9:00,10231
11/23/14 9:30,13189
11/23/14 10:00,14458
11/23/14 10:30,17284
11/23/14 11:00,17800
11/23/14 11:30,19509
11/23/14 12:00,20547
11/23/14 12:30,20211
11/23/14 13:00,20041
11/23/14 13:30,19619
11/23/14 14:00,19947
11/23/14 14:30,19844
11/23/14 15:00,19088
11/23/14 15:30,19237
11/23/14 16:00,18316
11/23/14 16:30,16996
11/23/14 17:00,18134
11/23/14 17:30,19633
11/23/14 18:00,20204
11/23/14 18:30,19810
11/23/14 19:00,17925
11/23/14 19:30,16938
11/23/14 20:00,15096
11/23/14 20:30,15539
11/23/14 21:00,14806
11/23/14 21:30,15035
11/23/14 22:00,13285
11/23/14 22:30,12090
11/23/14 23:00,10552
11/23/14 23:30,9136
11/24/14 0:00,8106
11/24/14 0:30,7020
11/24/14 1:00,5562
11/24/14 1:30,3917
11/24/14 2:00,3592
11/24/14 2:30,2637
11/24/14 3:00,2031
11/24/14 3:30,1900
11/24/14 4:00,2172
11/24/14 4:30,2008
11/24/14 5:00,2546
11/24/14 5:30,4409
11/24/14 6:00,7269
11/24/14 6:30,11863
11/24/14 7:00,14244
11/24/14 7:30,17238
11/24/14 8:00,18382
11/24/14 8:30,17940
11/24/14 9:00,17447
11/24/14 9:30,16773
11/24/14 10:00,15319
11/24/14 10:30,15867
11/24/14 11:00,15751
11/24/14 11:30,17462
11/24/14 12:00,16292
11/24/14 12:30,16317
11/24/14 13:00,16104
11/24/14 13:30,16967
11/24/14 14:00,17035
11/24/14 14:30,17976
11/24/14 15:00,18230
11/24/14 15:30,16521
11/24/14 16:00,14887
11/24/14 16:30,13707
11/24/14 17:00,16596
11/24/14 17:30,18683
11/24/14 18:00,20289
11/24/14 18:30,21377
11/24/14 19:00,21962
11/24/14 19:30,21126
11/24/14 20:00,20531
11/24/14 20:30,19217
11/24/14 21:00,19353
11/24/14 21:30,19109
11/24/14 22:00,18814
11/24/14 22:30,17036
11/24/14 23:00,14147
11/24/14 23:30,11595
11/25/14 0:00,10091
11/25/14 0:30,7575
11/25/14 1:00,5977
11/25/14 1:30,4705
11/25/14 2:00,3796
11/25/14 2:30,2894
11/25/14 3:00,2471
11/25/14 3:30,2115
11/25/14 4:00,2474
11/25/14 4:30,2285
11/25/14 5:00,2538
11/25/14 5:30,4380
11/25/14 6:00,6537
11/25/14 6:30,11238
11/25/14 7:00,14764
11/25/14 7:30,18187
11/25/14 8:00,18885
11/25/14 8:30,19188
11/25/14 9:00,18398
11/25/14 9:30,18057
11/25/14 10:00,16899
11/25/14 10:30,17137
11/25/14 11:00,16203
11/25/14 11:30,17742
11/25/14 12:00,17843
11/25/14 12:30,17866
11/25/14 13:00,17548
11/25/14 13:30,18306
11/25/14 14:00,18577
11/25/14 14:30,18506
11/25/14 15:00,18691
11/25/14 15:30,15729
11/25/14 16:00,13396
11/25/14 16:30,11923
11/25/14 17:00,14463
11/25/14 17:30,17026
11/25/14 18:00,19078
11/25/14 18:30,20439
11/25/14 19:00,20776
11/25/14 19:30,20941
11/25/14 20:00,20209
11/25/14 20:30,19987
11/25/14 21:00,19952
11/25/14 21:30,19234
11/25/14 22:00,18455
11/25/14 22:30,18097
11/25/14 23:00,17461
11/25/14 23:30,16002
11/26/14 0:00,13400
11/26/14 0:30,10978
11/26/14 1:00,8613
11/26/14 1:30,6446
11/26/14 2:00,5205
11/26/14 2:30,4118
11/26/14 3:00,3510
11/26/14 3:30,3249
11/26/14 4:00,3698
11/26/14 4:30,3584
11/26/14 5:00,3622
11/26/14 5:30,4987
11/26/14 6:00,7213
11/26/14 6:30,10827
11/26/14 7:00,14141
11/26/14 7:30,16965
11/26/14 8:00,19391
11/26/14 8:30,19557
11/26/14 9:00,19067
11/26/14 9:30,18807
11/26/14 10:00,18232
11/26/14 10:30,18999
11/26/14 11:00,18896
11/26/14 11:30,19764
11/26/14 12:00,20227
11/26/14 12:30,19602
11/26/14 13:00,20456
11/26/14 13:30,19580
11/26/14 14:00,19156
11/26/14 14:30,19572
11/26/14 15:00,18925
11/26/14 15:30,17545
11/26/14 16:00,15465
11/26/14 16:30,14104
11/26/14 17:00,16996
11/26/14 17:30,20113
11/26/14 18:00,21015
11/26/14 18:30,21580
11/26/14 19:00,22501
11/26/14 19:30,21159
11/26/14 20:00,18991
11/26/14 20:30,18046
11/26/14 21:00,18300
11/26/14 21:30,18538
11/26/14 22:00,17170
11/26/14 22:30,17081
11/26/14 23:00,15613
11/26/14 23:30,13718
11/27/14 0:00,13522
11/27/14 0:30,11323
11/27/14 1:00,10315
11/27/14 1:30,8870
11/27/14 2:00,8150
11/27/14 2:30,7209
11/27/14 3:00,6018
11/27/14 3:30,5819
11/27/14 4:00,5291
11/27/14 4:30,4127
11/27/14 5:00,3540
11/27/14 5:30,3715
11/27/14 6:00,4613
11/27/14 6:30,5500
11/27/14 7:00,5955
11/27/14 7:30,6512
11/27/14 8:00,7076
11/27/14 8:30,7813
11/27/14 9:00,8365
11/27/14 9:30,9013
11/27/14 10:00,9695
11/27/14 10:30,11389
11/27/14 11:00,12701
11/27/14 11:30,13400
11/27/14 12:00,13282
11/27/14 12:30,13542
11/27/14 13:00,13538
11/27/14 13:30,13663
11/27/14 14:00,13980
11/27/14 14:30,14673
11/27/14 15:00,14614
11/27/14 15:30,15255
11/27/14 16:00,13560
11/27/14 16:30,13120
11/27/14 17:00,13273
11/27/14 17:30,13334
11/27/14 18:00,12930
11/27/14 18:30,13683
11/27/14 19:00,13682
11/27/14 19:30,14106
11/27/14 20:00,14088
11/27/14 20:30,14417
11/27/14 21:00,15187
11/27/14 21:30,15280
11/27/14 22:00,15654
11/27/14 22:30,13989
11/27/14 23:00,12592
11/27/14 23:30,11811
11/28/14 0:00,9653
11/28/14 0:30,7791
11/28/14 1:00,6862
11/28/14 1:30,5644
11/28/14 2:00,4639
11/28/14 2:30,3673
11/28/14 3:00,2945
11/28/14 3:30,2875
11/28/14 4:00,2883
11/28/14 4:30,2165
11/28/14 5:00,1902
11/28/14 5:30,2226
11/28/14 6:00,2870
11/28/14 6:30,4313
11/28/14 7:00,4936
11/28/14 7:30,6240
11/28/14 8:00,7376
11/28/14 8:30,8850
11/28/14 9:00,9864
11/28/14 9:30,10863
11/28/14 10:00,11900
11/28/14 10:30,12969
11/28/14 11:00,14045
11/28/14 11:30,15281
11/28/14 12:00,16153
11/28/14 12:30,17025
11/28/14 13:00,17596
11/28/14 13:30,18437
11/28/14 14:00,17777
11/28/14 14:30,18774
11/28/14 15:00,18868
11/28/14 15:30,19046
11/28/14 16:00,17706
11/28/14 16:30,16591
11/28/14 17:00,18951
11/28/14 17:30,20519
11/28/14 18:00,20626
11/28/14 18:30,21227
11/28/14 19:00,22716
11/28/14 19:30,21044
11/28/14 20:00,18862
11/28/14 20:30,18821
11/28/14 21:00,18485
11/28/14 21:30,18416
11/28/14 22:00,19806
11/28/14 22:30,19671
11/28/14 23:00,19234
11/28/14 23:30,17725
11/29/14 0:00,16089
11/29/14 0:30,14561
11/29/14 1:00,13292
11/29/14 1:30,12000
11/29/14 2:00,10967
11/29/14 2:30,9747
11/29/14 3:00,8556
11/29/14 3:30,8342
11/29/14 4:00,7178
11/29/14 4:30,4441
11/29/14 5:00,2747
11/29/14 5:30,2489
11/29/14 6:00,2283
11/29/14 6:30,3109
11/29/14 7:00,3380
11/29/14 7:30,4628
11/29/14 8:00,5291
11/29/14 8:30,7405
11/29/14 9:00,9044
11/29/14 9:30,11193
11/29/14 10:00,12541
11/29/14 10:30,15281
11/29/14 11:00,15551
11/29/14 11:30,17665
11/29/14 12:00,18499
11/29/14 12:30,18680
11/29/14 13:00,19621
11/29/14 13:30,19830
11/29/14 14:00,19187
11/29/14 14:30,19999
11/29/14 15:00,19722
11/29/14 15:30,20600
11/29/14 16:00,19125
11/29/14 16:30,16658
11/29/14 17:00,18684
11/29/14 17:30,20891
11/29/14 18:00,21554
11/29/14 18:30,22678
11/29/14 19:00,24055
11/29/14 19:30,23418
11/29/14 20:00,20196
11/29/14 20:30,19676
11/29/14 21:00,19566
11/29/14 21:30,19272
11/29/14 22:00,20686
11/29/14 22:30,21659
11/29/14 23:00,21154
11/29/14 23:30,21170
11/30/14 0:00,20149
11/30/14 0:30,18555
11/30/14 1:00,17768
11/30/14 1:30,15608
11/30/14 2:00,14966
11/30/14 2:30,13074
11/30/14 3:00,11332
11/30/14 3:30,9965
11/30/14 4:00,9167
11/30/14 4:30,5520
11/30/14 5:00,3812
11/30/14 5:30,3123
11/30/14 6:00,3103
11/30/14 6:30,3777
11/30/14 7:00,3699
11/30/14 7:30,4968
11/30/14 8:00,5630
11/30/14 8:30,7422
11/30/14 9:00,9123
11/30/14 9:30,10981
11/30/14 10:00,12227
11/30/14 10:30,15247
11/30/14 11:00,14970
11/30/14 11:30,16912
11/30/14 12:00,17420
11/30/14 12:30,18336
11/30/14 13:00,18091
11/30/14 13:30,17841
11/30/14 14:00,18946
11/30/14 14:30,19156
11/30/14 15:00,18159
11/30/14 15:30,17805
11/30/14 16:00,16838
11/30/14 16:30,15906
11/30/14 17:00,16917
11/30/14 17:30,17670
11/30/14 18:00,17941
11/30/14 18:30,18093
11/30/14 19:00,17587
11/30/14 19:30,16867
11/30/14 20:00,15693
11/30/14 20:30,15342
11/30/14 21:00,13821
11/30/14 21:30,14083
11/30/14 22:00,13714
11/30/14 22:30,12119
11/30/14 23:00,9904
11/30/14 23:30,8970
12/1/14 0:00,7706
12/1/14 0:30,5494
12/1/14 1:00,4249
12/1/14 1:30,2891
12/1/14 2:00,2632
12/1/14 2:30,2192
12/1/14 3:00,1648
12/1/14 3:30,1639
12/1/14 4:00,1913
12/1/14 4:30,2142
12/1/14 5:00,2909
12/1/14 5:30,4587
12/1/14 6:00,7235
12/1/14 6:30,11448
12/1/14 7:00,14106
12/1/14 7:30,17184
12/1/14 8:00,18306
12/1/14 8:30,18746
12/1/14 9:00,17914
12/1/14 9:30,16699
12/1/14 10:00,15681
12/1/14 10:30,15210
12/1/14 11:00,14532
12/1/14 11:30,15985
12/1/14 12:00,16226
12/1/14 12:30,16000
12/1/14 13:00,15641
12/1/14 13:30,16373
12/1/14 14:00,16830
12/1/14 14:30,17470
12/1/14 15:00,18131
12/1/14 15:30,16870
12/1/14 16:00,15192
12/1/14 16:30,14453
12/1/14 17:00,17382
12/1/14 17:30,19815
12/1/14 18:00,21750
12/1/14 18:30,22217
12/1/14 19:00,21813
12/1/14 19:30,21536
12/1/14 20:00,22541
12/1/14 20:30,21329
12/1/14 21:00,20165
12/1/14 21:30,19498
12/1/14 22:00,19355
12/1/14 22:30,16691
12/1/14 23:00,14387
12/1/14 23:30,12101
12/2/14 0:00,9805
12/2/14 0:30,7121
12/2/14 1:00,5019
12/2/14 1:30,3822
12/2/14 2:00,3268
12/2/14 2:30,2261
12/2/14 3:00,1853
12/2/14 3:30,1722
12/2/14 4:00,2077
12/2/14 4:30,1988
12/2/14 5:00,2296
12/2/14 5:30,4537
12/2/14 6:00,6661
12/2/14 6:30,11901
12/2/14 7:00,15501
12/2/14 7:30,19573
12/2/14 8:00,20896
12/2/14 8:30,21051
12/2/14 9:00,19670
12/2/14 9:30,18654
12/2/14 10:00,17108
12/2/14 10:30,17553
12/2/14 11:00,16232
12/2/14 11:30,17534
12/2/14 12:00,17697
12/2/14 12:30,19165
12/2/14 13:00,18916
12/2/14 13:30,19543
12/2/14 14:00,18570
12/2/14 14:30,19043
12/2/14 15:00,18343
12/2/14 15:30,16666
12/2/14 16:00,14050
12/2/14 16:30,12845
12/2/14 17:00,16111
12/2/14 17:30,19112
12/2/14 18:00,21205
12/2/14 18:30,22337
12/2/14 19:00,23340
12/2/14 19:30,23082
12/2/14 20:00,23718
12/2/14 20:30,22936
12/2/14 21:00,23466
12/2/14 21:30,23387
12/2/14 22:00,22893
12/2/14 22:30,20923
12/2/14 23:00,18684
12/2/14 23:30,14962
12/3/14 0:00,12558
12/3/14 0:30,8876
12/3/14 1:00,6626
12/3/14 1:30,4926
12/3/14 2:00,4046
12/3/14 2:30,3168
12/3/14 3:00,2692
12/3/14 3:30,2237
12/3/14 4:00,2384
12/3/14 4:30,2109
12/3/14 5:00,2403
12/3/14 5:30,4250
12/3/14 6:00,6529
12/3/14 6:30,12185
12/3/14 7:00,16016
12/3/14 7:30,19504
12/3/14 8:00,20925
12/3/14 8:30,20891
12/3/14 9:00,20047
12/3/14 9:30,19138
12/3/14 10:00,18431
12/3/14 10:30,16960
12/3/14 11:00,16426
12/3/14 11:30,18092
12/3/14 12:00,19190
12/3/14 12:30,18957
12/3/14 13:00,18288
12/3/14 13:30,18843
12/3/14 14:00,19003
12/3/14 14:30,18193
12/3/14 15:00,17260
12/3/14 15:30,15103
12/3/14 16:00,12941
12/3/14 16:30,11797
12/3/14 17:00,15545
12/3/14 17:30,17938
12/3/14 18:00,20693
12/3/14 18:30,21585
12/3/14 19:00,21689
12/3/14 19:30,21995
12/3/14 20:00,22096
12/3/14 20:30,22115
12/3/14 21:00,21860
12/3/14 21:30,22041
12/3/14 22:00,21680
12/3/14 22:30,21378
12/3/14 23:00,20295
12/3/14 23:30,18176
12/4/14 0:00,14846
12/4/14 0:30,11480
12/4/14 1:00,8939
12/4/14 1:30,6679
12/4/14 2:00,5175
12/4/14 2:30,3800
12/4/14 3:00,3135
12/4/14 3:30,2671
12/4/14 4:00,2843
12/4/14 4:30,2476
12/4/14 5:00,2670
12/4/14 5:30,4521
12/4/14 6:00,6841
12/4/14 6:30,12178
12/4/14 7:00,15916
12/4/14 7:30,19872
12/4/14 8:00,20957
12/4/14 8:30,20358
12/4/14 9:00,19717
12/4/14 9:30,18943
12/4/14 10:00,18082
12/4/14 10:30,18560
12/4/14 11:00,17316
12/4/14 11:30,18817
12/4/14 12:00,18439
12/4/14 12:30,17771
12/4/14 13:00,17214
12/4/14 13:30,17836
12/4/14 14:00,18676
12/4/14 14:30,19241
12/4/14 15:00,19068
12/4/14 15:30,16567
12/4/14 16:00,14529
12/4/14 16:30,12862
12/4/14 17:00,16086
12/4/14 17:30,19221
12/4/14 18:00,21408
12/4/14 18:30,23385
12/4/14 19:00,23604
12/4/14 19:30,23384
12/4/14 20:00,23209
12/4/14 20:30,22592
12/4/14 21:00,23164
12/4/14 21:30,23638
12/4/14 22:00,23192
12/4/14 22:30,22417
12/4/14 23:00,22630
12/4/14 23:30,21278
12/5/14 0:00,19300
12/5/14 0:30,16241
12/5/14 1:00,12966
12/5/14 1:30,10322
12/5/14 2:00,8160
12/5/14 2:30,6611
12/5/14 3:00,5410
12/5/14 3:30,4453
12/5/14 4:00,4287
12/5/14 4:30,3250
12/5/14 5:00,3396
12/5/14 5:30,4846
12/5/14 6:00,7090
12/5/14 6:30,11832
12/5/14 7:00,15506
12/5/14 7:30,20211
12/5/14 8:00,21053
12/5/14 8:30,20635
12/5/14 9:00,20128
12/5/14 9:30,18838
12/5/14 10:00,17936
12/5/14 10:30,18210
12/5/14 11:00,17653
12/5/14 11:30,18847
12/5/14 12:00,18814
12/5/14 12:30,17478
12/5/14 13:00,18029
12/5/14 13:30,18953
12/5/14 14:00,19684
12/5/14 14:30,19747
12/5/14 15:00,18464
12/5/14 15:30,16396
12/5/14 16:00,14436
12/5/14 16:30,13461
12/5/14 17:00,17047
12/5/14 17:30,20614
12/5/14 18:00,23322
12/5/14 18:30,25791
12/5/14 19:00,26650
12/5/14 19:30,26971
12/5/14 20:00,26688
12/5/14 20:30,25508
12/5/14 21:00,26284
12/5/14 21:30,26978
12/5/14 22:00,26983
12/5/14 22:30,25438
12/5/14 23:00,24914
12/5/14 23:30,24165
12/6/14 0:00,22925
12/6/14 0:30,22187
12/6/14 1:00,21493
12/6/14 1:30,19021
12/6/14 2:00,18009
12/6/14 2:30,15786
12/6/14 3:00,13114
12/6/14 3:30,10541
12/6/14 4:00,9296
12/6/14 4:30,5388
12/6/14 5:00,3578
12/6/14 5:30,3205
12/6/14 6:00,3427
12/6/14 6:30,4666
12/6/14 7:00,5262
12/6/14 7:30,7841
12/6/14 8:00,8786
12/6/14 8:30,11893
12/6/14 9:00,12849
12/6/14 9:30,16411
12/6/14 10:00,16917
12/6/14 10:30,19706
12/6/14 11:00,22924
12/6/14 11:30,26224
12/6/14 12:00,25548
12/6/14 12:30,24376
12/6/14 13:00,24464
12/6/14 13:30,23825
12/6/14 14:00,24235
12/6/14 14:30,24001
12/6/14 15:00,23877
12/6/14 15:30,21761
12/6/14 16:00,18277
12/6/14 16:30,15670
12/6/14 17:00,18411
12/6/14 17:30,21332
12/6/14 18:00,23306
12/6/14 18:30,24856
12/6/14 19:00,25798
12/6/14 19:30,25274
12/6/14 20:00,25158
12/6/14 20:30,24164
12/6/14 21:00,23771
12/6/14 21:30,24363
12/6/14 22:00,25705
12/6/14 22:30,26429
12/6/14 23:00,27272
12/6/14 23:30,27636
12/7/14 0:00,26695
12/7/14 0:30,25626
12/7/14 1:00,24285
12/7/14 1:30,22249
12/7/14 2:00,20741
12/7/14 2:30,18554
12/7/14 3:00,15770
12/7/14 3:30,13976
12/7/14 4:00,11368
12/7/14 4:30,6531
12/7/14 5:00,3929
12/7/14 5:30,3236
12/7/14 6:00,3177
12/7/14 6:30,3757
12/7/14 7:00,4042
12/7/14 7:30,5401
12/7/14 8:00,6483
12/7/14 8:30,9264
12/7/14 9:00,11497
12/7/14 9:30,14585
12/7/14 10:00,16159
12/7/14 10:30,20205
12/7/14 11:00,21146
12/7/14 11:30,22387
12/7/14 12:00,23081
12/7/14 12:30,23163
12/7/14 13:00,22660
12/7/14 13:30,22127
12/7/14 14:00,22237
12/7/14 14:30,22193
12/7/14 15:00,21252
12/7/14 15:30,20818
12/7/14 16:00,19110
12/7/14 16:30,17255
12/7/14 17:00,18368
12/7/14 17:30,20327
12/7/14 18:00,21411
12/7/14 18:30,21379
12/7/14 19:00,21735
12/7/14 19:30,20031
12/7/14 20:00,18305
12/7/14 20:30,17961
12/7/14 21:00,17334
12/7/14 21:30,17401
12/7/14 22:00,17020
12/7/14 22:30,14661
12/7/14 23:00,12367
12/7/14 23:30,10891
12/8/14 0:00,8141
12/8/14 0:30,6411
12/8/14 1:00,4762
12/8/14 1:30,3616
12/8/14 2:00,3130
12/8/14 2:30,2273
12/8/14 3:00,2031
12/8/14 3:30,1788
12/8/14 4:00,2203
12/8/14 4:30,2270
12/8/14 5:00,2727
12/8/14 5:30,4686
12/8/14 6:00,6827
12/8/14 6:30,11984
12/8/14 7:00,14644
12/8/14 7:30,18338
12/8/14 8:00,19590
12/8/14 8:30,19762
12/8/14 9:00,19372
12/8/14 9:30,18754
12/8/14 10:00,17736
12/8/14 10:30,17624
12/8/14 11:00,16856
12/8/14 11:30,18005
12/8/14 12:00,18028
12/8/14 12:30,17733
12/8/14 13:00,17678
12/8/14 13:30,18275
12/8/14 14:00,18070
12/8/14 14:30,19038
12/8/14 15:00,18998
12/8/14 15:30,16932
12/8/14 16:00,15201
12/8/14 16:30,14426
12/8/14 17:00,16942
12/8/14 17:30,19768
12/8/14 18:00,21911
12/8/14 18:30,22917
12/8/14 19:00,23371
12/8/14 19:30,23343
12/8/14 20:00,22358
12/8/14 20:30,22302
12/8/14 21:00,22712
12/8/14 21:30,22329
12/8/14 22:00,21979
12/8/14 22:30,19387
12/8/14 23:00,17494
12/8/14 23:30,13745
12/9/14 0:00,11339
12/9/14 0:30,8699
12/9/14 1:00,6796
12/9/14 1:30,5236
12/9/14 2:00,3800
12/9/14 2:30,3042
12/9/14 3:00,2532
12/9/14 3:30,2258
12/9/14 4:00,2212
12/9/14 4:30,2135
12/9/14 5:00,2592
12/9/14 5:30,4617
12/9/14 6:00,8006
12/9/14 6:30,13619
12/9/14 7:00,16700
12/9/14 7:30,19651
12/9/14 8:00,20630
12/9/14 8:30,21217
12/9/14 9:00,19857
12/9/14 9:30,18753
12/9/14 10:00,17813
12/9/14 10:30,17833
12/9/14 11:00,17164
12/9/14 11:30,18181
12/9/14 12:00,17482
12/9/14 12:30,15676
12/9/14 13:00,16018
12/9/14 13:30,17066
12/9/14 14:00,17654
12/9/14 14:30,17696
12/9/14 15:00,16781
12/9/14 15:30,14189
12/9/14 16:00,12461
12/9/14 16:30,12252
12/9/14 17:00,15431
12/9/14 17:30,18137
12/9/14 18:00,20649
12/9/14 18:30,21989
12/9/14 19:00,22350
12/9/14 19:30,22177
12/9/14 20:00,22991
12/9/14 20:30,22128
12/9/14 21:00,23207
12/9/14 21:30,23091
12/9/14 22:00,22616
12/9/14 22:30,21118
12/9/14 23:00,19301
12/9/14 23:30,16789
12/10/14 0:00,14252
12/10/14 0:30,10138
12/10/14 1:00,7847
12/10/14 1:30,5782
12/10/14 2:00,4951
12/10/14 2:30,3696
12/10/14 3:00,2833
12/10/14 3:30,2375
12/10/14 4:00,2533
12/10/14 4:30,2423
12/10/14 5:00,2512
12/10/14 5:30,4337
12/10/14 6:00,6721
12/10/14 6:30,11812
12/10/14 7:00,16054
12/10/14 7:30,19337
12/10/14 8:00,21348
12/10/14 8:30,21167
12/10/14 9:00,20051
12/10/14 9:30,18809
12/10/14 10:00,17812
12/10/14 10:30,17889
12/10/14 11:00,17482
12/10/14 11:30,18775
12/10/14 12:00,18351
12/10/14 12:30,17604
12/10/14 13:00,17729
12/10/14 13:30,17499
12/10/14 14:00,17558
12/10/14 14:30,18070
12/10/14 15:00,17422
12/10/14 15:30,14666
12/10/14 16:00,12252
12/10/14 16:30,11174
12/10/14 17:00,13853
12/10/14 17:30,16962
12/10/14 18:00,19708
12/10/14 18:30,20764
12/10/14 19:00,21802
12/10/14 19:30,22239
12/10/14 20:00,22169
12/10/14 20:30,23923
12/10/14 21:00,24403
12/10/14 21:30,24211
12/10/14 22:00,23439
12/10/14 22:30,23394
12/10/14 23:00,21701
12/10/14 23:30,19727
12/11/14 0:00,17270
12/11/14 0:30,13379
12/11/14 1:00,10314
12/11/14 1:30,7470
12/11/14 2:00,6039
12/11/14 2:30,4322
12/11/14 3:00,3461
12/11/14 3:30,2872
12/11/14 4:00,2854
12/11/14 4:30,2422
12/11/14 5:00,2578
12/11/14 5:30,4513
12/11/14 6:00,6672
12/11/14 6:30,12358
12/11/14 7:00,15790
12/11/14 7:30,19441
12/11/14 8:00,20920
12/11/14 8:30,20665
12/11/14 9:00,19708
12/11/14 9:30,20066
12/11/14 10:00,18424
12/11/14 10:30,18403
12/11/14 11:00,17621
12/11/14 11:30,18994
12/11/14 12:00,18845
12/11/14 12:30,17937
12/11/14 13:00,17974
12/11/14 13:30,18671
12/11/14 14:00,19082
12/11/14 14:30,20224
12/11/14 15:00,18966
12/11/14 15:30,16165
12/11/14 16:00,14013
12/11/14 16:30,12246
12/11/14 17:00,15021
12/11/14 17:30,18834
12/11/14 18:00,21115
12/11/14 18:30,22746
12/11/14 19:00,23679
12/11/14 19:30,23992
12/11/14 20:00,23597
12/11/14 20:30,23581
12/11/14 21:00,24093
12/11/14 21:30,24130
12/11/14 22:00,24027
12/11/14 22:30,23575
12/11/14 23:00,22502
12/11/14 23:30,22049
12/12/14 0:00,20667
12/12/14 0:30,19265
12/12/14 1:00,16192
12/12/14 1:30,12814
12/12/14 2:00,10410
12/12/14 2:30,8218
12/12/14 3:00,6335
12/12/14 3:30,5377
12/12/14 4:00,4659
12/12/14 4:30,3597
12/12/14 5:00,3208
12/12/14 5:30,4698
12/12/14 6:00,6900
12/12/14 6:30,12308
12/12/14 7:00,15444
12/12/14 7:30,19511
12/12/14 8:00,20489
12/12/14 8:30,20834
12/12/14 9:00,19854
12/12/14 9:30,18687
12/12/14 10:00,18014
12/12/14 10:30,18564
12/12/14 11:00,18237
12/12/14 11:30,18916
12/12/14 12:00,18244
12/12/14 12:30,16850
12/12/14 13:00,17845
12/12/14 13:30,18162
12/12/14 14:00,19043
12/12/14 14:30,19128
12/12/14 15:00,18287
12/12/14 15:30,15667
12/12/14 16:00,13938
12/12/14 16:30,12626
12/12/14 17:00,15807
12/12/14 17:30,19375
12/12/14 18:00,21905
12/12/14 18:30,24008
12/12/14 19:00,25410
12/12/14 19:30,25568
12/12/14 20:00,24888
12/12/14 20:30,25190
12/12/14 21:00,25350
12/12/14 21:30,25927
12/12/14 22:00,26737
12/12/14 22:30,26771
12/12/14 23:00,26180
12/12/14 23:30,25739
12/13/14 0:00,24743
12/13/14 0:30,24285
12/13/14 1:00,22826
12/13/14 1:30,21266
12/13/14 2:00,19907
12/13/14 2:30,17053
12/13/14 3:00,14423
12/13/14 3:30,12363
12/13/14 4:00,10600
12/13/14 4:30,6501
12/13/14 5:00,4211
12/13/14 5:30,3425
12/13/14 6:00,3475
12/13/14 6:30,5132
12/13/14 7:00,4986
12/13/14 7:30,7716
12/13/14 8:00,8873
12/13/14 8:30,12361
12/13/14 9:00,13217
12/13/14 9:30,17706
12/13/14 10:00,19199
12/13/14 10:30,21605
12/13/14 11:00,22106
12/13/14 11:30,23452
12/13/14 12:00,24095
12/13/14 12:30,24114
12/13/14 13:00,24368
12/13/14 13:30,23648
12/13/14 14:00,22929
12/13/14 14:30,22531
12/13/14 15:00,21489
12/13/14 15:30,19081
12/13/14 16:00,15734
12/13/14 16:30,13140
12/13/14 17:00,15041
12/13/14 17:30,17961
12/13/14 18:00,20757
12/13/14 18:30,22233
12/13/14 19:00,23550
12/13/14 19:30,24311
12/13/14 20:00,24320
12/13/14 20:30,23465
12/13/14 21:00,24125
12/13/14 21:30,24696
12/13/14 22:00,24848
12/13/14 22:30,25952
12/13/14 23:00,26481
12/13/14 23:30,26376
12/14/14 0:00,26065
12/14/14 0:30,25745
12/14/14 1:00,24053
12/14/14 1:30,22288
12/14/14 2:00,21263
12/14/14 2:30,18637
12/14/14 3:00,16106
12/14/14 3:30,13609
12/14/14 4:00,11786
12/14/14 4:30,6978
12/14/14 5:00,4468
12/14/14 5:30,3728
12/14/14 6:00,3611
12/14/14 6:30,3909
12/14/14 7:00,4139
12/14/14 7:30,5583
12/14/14 8:00,6831
12/14/14 8:30,8929
12/14/14 9:00,10358
12/14/14 9:30,14261
12/14/14 10:00,16254
12/14/14 10:30,19993
12/14/14 11:00,20203
12/14/14 11:30,21630
12/14/14 12:00,22210
12/14/14 12:30,22458
12/14/14 13:00,21793
12/14/14 13:30,21177
12/14/14 14:00,20831
12/14/14 14:30,20577
12/14/14 15:00,20293
12/14/14 15:30,18839
12/14/14 16:00,17406
12/14/14 16:30,15292
12/14/14 17:00,16443
12/14/14 17:30,17727
12/14/14 18:00,18988
12/14/14 18:30,19533
12/14/14 19:00,19548
12/14/14 19:30,18055
12/14/14 20:00,17006
12/14/14 20:30,16671
12/14/14 21:00,16007
12/14/14 21:30,16344
12/14/14 22:00,15913
12/14/14 22:30,14327
12/14/14 23:00,12060
12/14/14 23:30,10952